6.528765905241357e-16;0
6.528765905241357e-16;0
6.528765905241357e-16;0
6.528765905241357e-16;0
6.528765905241357e-16;0
6.528765905241357e-16;0
6.528765905241357e-16;0
6.528765905241357e-16;0
6.528765905241357e-16;0
6.528765905241357e-16;0
6.528765905241357e-16;0
6.528765905241357e-16;0
6.528765905241357e-16;0
6.528765905241357e-16;0
6.528765905241357e-16;0
8.246199732607209e-16;0
6.738849514362442e-16;0
6.738849514362442e-16;0
8.497474224216862e-16;0
0.052890033732286845;0
0.03809339908052622;0
0.037453651044155545;0
0.06333825785698619;0
0.08999870813854247;0
0.11767606986149019;0
0.09809240786417563;0
0.12171787059585204;0
0.09377711446760288;0
0.15233305571208877;1
0.1855671238666967;3
0.1544621664745884;2
0.15737885098225288;0
0.17962269218635876;2
0.2133589331784497;4
0.25602561859502077;4
0.20539729303094992;1
0.21293846851751053;3
0.25983481883545406;3
0.27306530925418515;4
0.2954709061929084;5
0.3529214669534008;10
0.34681809323607926;11
0.32392148136502663;12
0.3270125629597701;13
0.3494190997861389;11
0.41626723290110074;21
0.40429048137682855;23
0.4380345915110195;20
0.43572611865716204;22
0.4492247182115375;21
0.46167851941612104;21
0.49143570825217614;28
0.5143612398141155;32
0.5508970721546876;39
0.5040313847622635;34
0.5072657443998435;27
0.5580783007849004;38
0.5541271846765484;37
0.5824801847863903;42
0.5748499390880035;52
0.613176098944855;50
0.6185710832590433;47
0.6257775437054633;46
0.6354755073331311;49
0.5999283275165331;45
0.6139495324809465;45
0.5923713267453372;41
0.6573244215865653;48
0.6601904544467659;60
0.7141387492333875;65
0.7328317672508882;67
0.7265394325417073;64
0.759489292839556;70
0.7209244230391361;53
0.7994460048510379;78
0.7522950995819268;70
0.7430657960099692;68
0.7792301699680751;65
0.7734599367789928;67
0.7673998999527768;74
0.7869380729116231;79
0.8130584214988618;69
0.7782812091566049;71
0.8369199712632005;80
0.8014946927234922;82
0.7928730368103077;75
0.8028233510412932;75
0.8632730376843615;92
0.8445575550583992;86
0.8544561782108054;89
0.9168640741691055;103
0.8769167576962558;93
0.885930508095345;96
0.8863667953583318;112
0.9361320157894975;99
0.858187666805445;87
0.8727904725524026;78
0.8871529351600883;84
0.9337755982393405;91
0.9825028497065207;108
0.9401089920256368;104
0.9204504896368673;103
0.9580581141796637;110
0.966774296377827;103
0.9809792551520421;107
0.9735676876729571;113
0.9037978082008844;94
1.0010463599408355;117
1.047895308938964;123
1.1363427941395712;135
1.0573089945577996;117
1.0674613924447203;129
1.09121172900971;129
1.1377424524532;127
1.057510038094799;114
1.1000716294661335;129
1.0963416233604297;127
1.0105594016253219;122
1.1288443754280537;133
1.1187529216088783;127
1.2003644911082674;130
1.1307587902730443;134
1.024298232913649;116
1.3424593851766793;153
1.326024798389946;150
1.1315582264576576;141
1.1746701241655018;132
1.2316501333340206;150
1.3414808719753726;162
1.2627107720692303;157
1.4982215747095293;170
1.2992136538620378;155
1.1991316666990086;137
1.414838381078268;161
1.2649852652363156;161
1.5428535252613629;185
1.507984822052148;174
1.4230383378766147;168
1.4088847884852167;159
1.586326711211474;172
1.5095904155788806;158
1.4208872895326379;170
1.5120782639005943;183
1.3481151512777814;170
1.4346212006720787;176
1.5164978690024231;181
1.398646706880984;163
1.4841499303240322;177
1.5398374505032095;173
1.5274882186268686;181
1.5087869077344334;172
1.5349765204203996;197
1.4741496555795062;182
1.690922797738443;202
1.6190613849244768;193
1.508640420448579;169
1.68891399101447;197
1.6472783826648205;181
1.5512568178829071;185
1.7621942877193262;202
1.651073539764095;200
1.6532935982495116;179
1.6434889455497244;184
1.708765510543977;189
1.5620205529669873;191
1.659598286465569;197
1.6604653915422856;194
1.6247536652281518;189
1.8357483129167096;200
1.7014343319203984;194
1.8781915929330169;215
1.7428030540270925;210
2.099723967037009;235
1.9360353738453198;231
1.6761501490136708;191
1.8816389536357172;207
1.7240261078885066;213
1.771670860171949;201
1.8177768031199206;210
2.011771026363923;228
1.8906516889075706;219
1.900775166886936;205
1.8173203493695156;204
1.8058565063790464;210
1.8802568519217622;209
2.003240679490491;224
1.8040731457046333;221
1.8722212237684017;230
1.9330628733056063;211
1.7919507141851134;204
1.9691544785943371;227
2.23853534087882;231
1.8349984679592293;197
1.8142567292187186;217
2.1909326328204037;241
2.0476478353183616;239
2.1324877634832964;242
1.958462238603874;220
1.8316235676464618;205
1.6891943032661951;188
1.9607752265908431;232
1.861032992247574;222
1.9399934523615134;212
2.180562243467156;224
1.9850022318245546;232
2.0019233540648433;232
2.188720549935727;235
2.189962487203626;245
2.137602378967838;229
2.0524308049679845;207
1.848516074549753;207
2.061761534802988;221
2.0260558072858883;227
2.0978900255130517;238
2.227353200579258;245
2.175956980103634;256
2.0954817145247655;237
2.18909544576694;243
2.3816223384240582;239
2.296981234235503;240
2.4344301664080965;251
2.596745397724245;265
2.4119688767196577;261
2.6322649874167348;265
2.395531740389219;255
2.286777701050622;219
2.3982412870215932;243
2.4278341744136824;253
2.4609955431730555;256
2.5579737705275947;255
2.2330543151069886;251
2.344159267552498;258
2.534973994210603;274
2.5649752847369127;263
2.2933519713274237;242
2.3306353062009855;247
2.24056136826451;238
2.365979442431876;241
2.4916655594694883;249
2.267555492525806;247
2.263242006567044;252
2.3048340679949177;247
2.3012000554563192;257
2.5260490829385858;262
2.5188152628289755;242
2.309049616705844;256
2.5849371062577386;276
2.4665283376173064;233
2.3876868459938834;251
2.5201516926969503;276
2.5278046622775703;260
2.803723030995447;277
2.4318684775102373;261
2.5258052320200246;249
2.6272597692778175;273
2.5721694307010456;273
2.7992616539512167;257
2.6086309950486184;258
2.365376423230648;255
2.4859313620952963;267
2.652412781049732;259
2.4891482792429303;257
2.5452877628187447;261
2.60723456377833;272
2.427593851997881;255
2.947603908629058;290
2.753265829658496;269
2.763921022579669;285
2.9670082526454777;267
2.4729431463509948;256
2.5605681260754345;258
2.784933937146381;272
2.7510545742436685;281
2.5369488054006926;251
2.4655755048271777;260
2.586883830605127;263
2.5894214853841215;267
2.958744577087274;288
2.8035005457983657;266
2.8339232363881623;272
2.638616532126937;258
2.6594799161201346;264
2.4791773780305864;261
2.95357274635805;270
3.0636212373747473;294
3.3963268576374612;294
3.007410098915497;285
2.6907491139345425;292
3.102956098661208;301
2.8076067194881453;281
2.6940854846812328;265
2.974305209039451;281
2.9393163852379827;288
2.6603437863420174;278
2.997942426347612;284
3.2337463676568574;294
3.017236407019172;287
3.025740621916972;292
2.906882898489494;281
3.040194018933136;284
3.1822827801410742;302
2.888263241817091;273
3.0434620061434114;282
2.745650585117866;263
2.803090848689255;272
2.688746830887559;274
2.5609730637303985;264
2.5720833174719804;258
2.841372531610162;278
2.892489748671713;277
3.1445580867052536;305
2.7383391896993636;271
3.043875908335953;298
2.531423510752994;266
2.6489867312298907;271
2.78817370819551;280
2.9194922124737137;292
2.979761513488791;277
3.0595954280629045;290
3.072916867859506;277
2.788837999728747;288
2.8710445459549945;288
2.6321391519242248;291
2.7260608426650497;266
3.0456302229958214;301
3.068509254655758;297
3.0804821607517514;289
2.926826401545809;290
3.344654258633844;295
2.839778037773742;282
3.101186170103603;299
3.2142962617170467;291
3.251487655148853;309
3.4181085760398866;311
3.0394803599203275;295
2.9944148854982444;284
2.8865711688159585;277
2.9754078165208844;281
3.272646242106471;300
3.4355093601721913;298
3.461033608230705;308
3.1631272316710897;297
3.19282262743387;299
3.033074941581015;272
3.2219164300562726;295
3.093171866777296;284
3.190740401650154;306
3.2771423820887433;311
3.0304019412554615;295
3.0102323425200943;271
2.9031894843859836;287
3.320755819997043;288
3.3252581712214226;296
3.1145717527766745;302
3.1466929069702156;295
3.1352112562198458;289
2.8922525721528833;285
2.9899485606702596;277
2.8242122028659575;273
3.1685745298002916;301
3.2922889581608383;294
3.1323179101062553;286
3.242084095953445;303
2.9699816012239135;304
3.06935176299794;298
3.138377987811347;301
3.1206938594751796;294
3.0829797039209565;299
3.129587925166513;296
3.2817353728608114;316
3.1492891157453395;306
3.060652167647589;306
2.9773826566244708;289
2.938439526085384;286
3.120134998196438;304
3.3004124889003936;303
3.077274439718698;310
3.023953948521675;297
2.9034567094983603;290
2.834809194045321;283
3.0596432138055887;292
3.0845838808742463;305
3.2689259851756636;298
3.418230317554508;306
2.9695074521493887;288
3.2162238867971475;284
2.9113024724640724;281
3.289751157550677;302
3.356203762957135;305
3.3124067491523137;298
3.0995238150274793;287
3.0975234943562806;303
3.1213897318281174;299
2.9852874178765583;281
3.2513119084219846;293
3.3537409699184493;292
3.239777902099571;297
2.9746895648451828;285
2.865176966452027;276
3.290843810888417;305
3.2560781220255604;296
3.034614499549576;308
3.2771379700555707;302
3.219008365333346;304
3.1321131511993427;301
3.233646307547881;309
2.9943229229142254;295
3.2081653491240525;298
3.090914028212574;293
3.217270890053929;291
2.80616318800751;264
3.0136984157604862;283
3.2702536670972653;314
3.0516991222129892;288
2.972298502693891;297
2.9827417917784267;288
3.0552720163466045;287
3.034203323620729;290
3.1520386828108315;297
3.194608978244984;307
3.1308194426035882;300
2.8431803512607545;287
3.066580129896788;310
3.348799500444236;315
3.2290033771397657;306
3.0696081651439036;294
3.228612298109986;311
3.22198862218982;297
3.0837449663458005;299
3.3453498003314297;306
3.272990400514216;311
3.365212028684386;312
3.1256617313971597;316
3.497389069759307;316
3.5890258616566286;323
3.5777329143601624;327
3.3200058888687067;304
3.336330658083732;307
3.4659056634835967;312
3.1764726980460525;286
3.306442194028682;306
3.3882381953482055;305
3.2502481345108163;303
3.1458999284868474;309
3.2694337958874025;311
3.169697623243004;317
3.3104620534697213;309
3.311041810756904;290
3.473254466787162;310
3.6224290181952314;323
3.651891288454124;323
3.736018598006015;303
3.3974538158073506;306
3.3008395710519465;308
3.218758611297851;312
3.0449655570236107;301
2.9958422661315374;289
3.07570608553257;273
3.1942833477611527;293
3.394673620106603;305
3.311762948014472;299
3.2686332443768222;294
3.323943928667009;296
3.1411508280729437;285
3.077157158185549;287
3.251202822176303;294
3.334022037529168;302
3.2099460733000043;292
3.1203754908489403;288
3.349784609100591;295
3.260910294102637;300
3.1199111083206414;304
2.9488272641693727;291
3.3334794391993685;310
3.3489876491059265;299
3.3867498620210585;314
3.3341090696967597;302
3.3090102410420177;294
3.2984095814155294;298
3.066175309139309;293
3.18407814528107;296
2.970810674974703;287
2.9486068969802846;283
3.1865570849785483;290
3.3169649417298404;301
3.4531456244956766;303
3.2064946502542284;307
3.109228924940906;286
3.325222330584903;300
3.3030350473206416;307
3.0968403287224398;288
3.0199581499404213;285
2.7290318376855405;270
2.9367382475337833;279
2.839068592024596;283
2.8981701101691066;293
3.203011063399276;308
3.0127972311631592;285
3.019007694328599;275
3.1163174262802316;298
8.727981901954333e-16;0
8.727981901954333e-16;0
8.727981901954333e-16;0
8.727981901954333e-16;0
8.727981901954333e-16;0
8.727981901954333e-16;0
8.727981901954333e-16;0
8.727981901954333e-16;0
8.727981901954333e-16;0
8.727981901954333e-16;0
8.727981901954333e-16;0
8.727981901954333e-16;0
8.727981901954333e-16;0
8.727981901954333e-16;0
8.727981901954333e-16;0
8.727981901954333e-16;0
8.727981901954333e-16;0
8.727981901954333e-16;0
8.727981901954333e-16;0
8.727981901954333e-16;0
8.727981901954333e-16;0
8.727981901954333e-16;0
8.727981901954333e-16;0
8.727981901954333e-16;0
8.727981901954333e-16;0
8.727981901954333e-16;0
8.727981901954333e-16;0
8.727981901954333e-16;0
8.727981901954333e-16;0
8.727981901954333e-16;0
8.727981901954333e-16;0
8.727981901954333e-16;0
8.727981901954333e-16;0
8.727981901954333e-16;0
8.727981901954333e-16;0
8.727981901954333e-16;0
8.727981901954333e-16;0
8.727981901954333e-16;0
8.727981901954333e-16;0
8.727981901954333e-16;0
8.727981901954333e-16;0
8.727981901954333e-16;0
8.727981901954333e-16;0
8.727981901954333e-16;0
8.727981901954333e-16;0
8.727981901954333e-16;0
8.727981901954333e-16;0
8.727981901954333e-16;0
8.727981901954333e-16;0
8.727981901954333e-16;0
8.727981901954333e-16;0
8.727981901954333e-16;0
8.727981901954333e-16;0
8.727981901954333e-16;0
8.727981901954333e-16;0
8.727981901954333e-16;0
8.727981901954333e-16;0
8.727981901954333e-16;0
8.727981901954333e-16;0
8.727981901954333e-16;0
8.727981901954333e-16;0
8.727981901954333e-16;0
8.727981901954333e-16;0
8.011677871799576e-16;0
0.03538959498732877;0
8.203038169809543e-16;0
8.203038169809543e-16;0
8.203038169809543e-16;0
8.203038169809543e-16;0
8.203038169809543e-16;0
8.203038169809543e-16;0
8.203038169809543e-16;0
7.8776302196400575e-16;0
7.810585338954538e-16;0
8.906913702384593e-16;0
8.906913702384593e-16;0
0.03574808260591147;0
9.082321031686255e-16;0
8.311312768381014e-16;0
8.327116762056777e-16;0
8.327116762056777e-16;0
8.128975857635045e-16;0
0.05076899181418498;0
7.188211828540967e-16;0
0.050973555163539234;0
0.0771806931900595;0
8.826843267687979e-16;0
0.034946633852645265;0
0.061109682152305514;0
0.06196122381772413;0
0.05005078264621008;0
0.07397066335669955;0
0.08037622224504858;0
0.04981856026882848;0
0.049470542997268926;0
0.04982312223839938;0
0.07107278535074546;0
0.06138780561901982;0
0.04922668230690364;0
0.06903664281878696;0
0.06501205958090228;0
0.0718330019242983;0
0.08676720824105988;0
0.08109362982293018;0
0.07982101645200103;0
0.07919492247435139;0
0.12462383522738377;1
0.12383828203180808;2
0.08647613692768652;0
0.13350078225088607;1
0.14909373556457697;1
0.12273117581917954;0
0.1485343140137177;1
0.1340617726342465;0
0.1378067196535021;1
0.11721941748263429;0
0.14497816374731148;0
0.1656973105777917;3
0.15937012459644187;0
0.16112876607950127;0
0.15315824665068187;1
0.17476757077667912;1
0.16333877108597944;1
0.16063136797873834;1
0.17254180928831317;1
0.17189235581958265;0
0.17098483966945113;4
0.1973077463968277;2
0.18462757587037407;0
0.21696997029028975;1
0.2016650408504075;2
0.18687645572565273;2
0.1893903175916833;1
0.17755718307913354;2
0.22641732210298593;2
0.2433788783756068;3
0.23015758087388485;3
0.24092527185652401;1
0.20772655894993547;2
0.24156857191508926;2
0.23600155216666455;2
0.24719277718660748;4
0.25656165337574766;2
0.26323088218658836;5
0.27274842476975075;3
0.3005062295974163;7
0.2980003878392661;6
0.2928098850031354;4
0.2942312541366755;10
0.3105169725640706;10
0.3063047302171318;8
0.29729405100099937;7
0.2952126657723104;8
0.292597701282513;4
0.3083095344262098;11
0.3226310970760326;9
0.3232573671194063;10
0.31693506706647256;8
0.31717239534866215;11
0.34418365655611244;9
0.33770731029695283;15
0.3380099856699246;9
0.3180665011997947;8
0.3437493074107333;7
0.33976474567941467;8
0.34108802327935095;11
0.38200022819372553;14
0.36518314482461117;10
0.3959342227957186;19
0.3907794814709183;13
0.39300346350172816;10
0.38561849880248783;8
0.43532692352002506;19
0.4176872059653099;12
0.41286645608761036;11
0.4187868161457054;19
0.3947112917278335;14
0.4174996169047979;14
0.39828898261097;17
0.4269927283669221;13
0.44158060966505036;22
0.433555628004121;22
0.427369576858702;21
0.4227683420219242;25
0.4310098060090665;19
0.41526962021211483;20
0.42793545783010384;22
0.4240971717364561;23
0.4147210251097066;17
0.45288582332927196;25
0.46755800321057567;24
0.47070179744700774;28
0.44381811839144425;20
0.4352397292658068;17
0.4537706375757552;20
0.4546804327912924;20
0.47908831359703474;22
0.4841185141882932;28
0.47470880649767755;23
0.5029856385715825;37
0.49627623901978263;26
0.49631756026279317;30
0.4779331486448016;22
0.5144159190905345;33
0.4879717078929564;27
0.4848097982083235;22
0.4520244274867516;16
0.4632058138877229;28
0.4588012131915513;25
0.5112527776668182;29
0.4617056636555716;18
0.48401327495052243;22
0.4881134269086859;28
0.5302113464933533;37
0.5161895276791222;31
0.5199314473128318;35
0.5053780140646311;28
0.5534643491122202;35
0.5287955759857991;30
0.5436001051922178;35
0.5866582176125655;39
0.5954620387979009;45
0.5875725642752143;41
0.5662963871705233;52
0.5337190847628049;34
0.5557671147677122;39
0.5502557465342834;36
0.533503975968501;35
0.5377045997828328;30
0.5304614309721765;33
0.547102861014006;43
0.5507439341499865;34
0.5613262504139718;36
0.5715999454959931;39
0.5510190142747946;36
0.5789079244293092;34
0.6037029106112104;46
0.5331106997812306;27
0.5401565670117333;32
0.557464490872562;35
0.5695072322518641;38
0.6169808567760418;46
0.5690229347731801;39
0.5839560476694323;38
0.5831919257394562;41
0.5670808553014514;40
0.5617617956496568;41
0.5956038303980592;41
0.6176680337760905;54
0.6019209481854411;54
0.5917783650676229;41
0.6148218831800172;45
0.6189298438304149;43
0.5907865666418636;46
0.5787000325449903;46
0.5913042783651076;47
0.6591563452436591;55
0.6623567039058873;52
0.6359068766832007;52
0.6105245086610239;47
0.6223631565061328;49
0.6531242838739916;60
0.6625674117085116;56
0.6488600663271998;48
0.6637579806476066;59
0.6316074849487917;55
0.656110402425693;65
0.6408026491648412;48
0.6098523835086375;43
0.657327103466245;56
0.6568931385027575;62
0.6914662952054856;57
0.6536321038759386;50
0.6718651016940775;53
0.6378056384140974;53
0.6870152709192142;53
0.6953022741158335;61
0.6885265056285745;60
0.6967783130171923;65
0.6817904481571172;53
0.7045690874487223;64
0.6748245437789977;55
0.6430447185862059;48
0.6951439000075207;59
0.6345865928008934;45
0.6363153467777988;51
0.6927589678529881;62
0.6610147727331007;48
0.7054416113577326;63
0.6380171202814515;46
0.7094507044351149;54
0.705113334020123;63
0.6949028120247921;59
0.6899657413757451;62
0.6886527375447238;69
0.7000036898584747;72
0.6695562601405188;64
0.6940445453725163;68
0.6915653437341547;61
0.71485941024541;64
0.7008510148360934;65
0.7159538591928722;56
0.7538761198211591;54
0.719934309409829;58
0.6561353869767161;52
0.6716923902648805;52
0.7235517055733933;58
0.7048358514013182;62
0.7653915347153208;72
0.7310194445257736;65
0.7195046845197287;67
0.7160582365817187;60
0.7196549273136508;56
0.7974866655845747;68
0.7332257512825708;64
0.7377220642134676;65
0.7733624186128525;68
0.7020007558639982;62
0.7315035660961274;70
0.7472684967127613;76
0.7342648200541013;70
0.7346302080655344;66
0.7342227575388397;70
0.8084853042356962;76
0.8138120509045949;77
0.7732097068895604;80
0.8408050186458381;82
0.7626421608812624;80
0.8358520960653232;77
0.7952733823707575;78
0.7961386657907875;79
0.7634346416554793;68
0.7152638527166769;63
0.7470019662778576;65
0.791605602238808;77
0.8609025096531691;91
0.76631762231555;71
0.8245666451209474;91
0.8353432230453325;84
0.8237851447541864;83
0.819575843534288;85
0.8427638708030769;83
0.8731524309695675;98
0.8094631143381742;76
0.795922447093691;72
0.8086822029945709;75
0.7984607051545766;78
0.7502861301902314;72
0.7612307247270181;76
0.7894117733082495;68
0.7494171959272554;64
0.7682929472115623;74
0.8425581701696074;85
0.7961783056553731;80
0.7908419786528094;76
0.8172701731360639;77
0.8298076781555719;83
0.7875775203734793;76
0.8281718958017196;85
0.8602720257459127;93
0.8553742037130245;88
0.8484412645987607;86
0.8535855926383102;91
0.9203544678301079;97
0.8700163693354142;82
0.8888498628167263;93
0.8734649380073339;87
0.8475612800887501;101
0.881663525691252;98
0.8767596356197724;101
0.9268608637721839;92
0.88813302157949;94
0.8966537751555685;91
0.869880886325064;92
0.845389931993846;87
0.811438126591105;90
0.867984901675143;84
0.8488143694499051;84
0.8862942057906954;96
0.9485762102378295;108
0.9408822222794945;98
0.9076827892436244;91
0.9345737437957436;91
0.9652939152140564;104
0.8984753461976129;88
1.0275323213134182;109
0.9592471552381204;101
0.9613193244973836;100
0.9667077553472144;102
0.9712324088036632;99
0.9219954610843807;99
0.9069473570662271;93
0.9249666282753296;101
0.8891323991852099;93
0.9682206344247856;108
0.9170295565152637;95
0.8970195539029618;93
0.9686459245119284;110
0.8965251643864388;94
0.9289267861570053;105
0.941832938854122;103
0.9381940080853298;105
0.8887654248274783;88
0.9553162335508454;100
0.8539791488396641;89
0.957461773766452;103
0.9197916142979569;91
0.9182386571186293;94
0.9644513007561445;102
1.089080478687936;116
0.9921056719613387;113
0.9901425709161024;113
0.9600468397704531;109
1.0143323282500634;115
0.9766619699734023;107
1.0124747322341765;108
0.9553089913937738;97
0.9925747930064642;102
1.0149818850629162;115
1.0056439191813538;110
0.9906965881074419;105
1.0273585257745832;108
0.9880697035957395;112
0.9582840574505437;100
1.0055314693503732;113
1.0028634531424152;116
1.0111648454582356;120
0.9739274038566522;111
0.9937180566184903;116
1.0449498956650483;124
1.0305208572454232;125
1.0641178918776921;124
0.9817397829055563;107
0.9845651205949546;103
1.0181185762661402;107
1.0029239338904805;117
0.9449352609663817;103
1.0271769612561288;111
1.0436037920727153;127
1.0009155049826923;111
1.070964955071106;130
0.9859836336984359;111
0.9944938871267391;112
1.04378156404961;122
1.0538088628854714;116
1.0844711374721008;122
1.0689387719777985;124
1.0038985618867768;114
1.0497514268085124;125
1.1935346092826284;132
1.0750525036723513;130
1.0323604965344517;114
0.9581887363625816;105
0.981858546896943;95
1.1229267854261231;130
1.0645405756233834;122
1.0553537087906901;109
1.0473870220837709;112
1.0725128064820946;114
1.1238325440033212;118
1.1453913181759685;121
1.1117784720227881;114
1.1124186861662673;111
1.12148399045929;125
1.1141941481913153;120
1.0654958461543311;112
1.0611793379897398;123
1.0978576112413758;124
1.1243250059333154;127
1.0483995599476674;114
0.964438335729044;101
1.1277757648628366;130
1.1936780672897402;138
1.1094564177552333;111
1.203984229958649;128
1.1774709405089907;126
1.212987479301506;137
1.1951913931727727;135
1.0903444804643283;120
1.2634294684504668;146
1.177670697146746;132
1.207915654500847;140
1.256323884631531;131
1.1022478091303218;118
1.2159518005547798;132
1.2306971028571247;148
1.374974395085836;140
1.2158021489508113;138
1.171524629735561;138
1.206589485282108;143
1.0987113020811694;129
1.148027090131418;132
1.3517595550912482;164
1.2710613409471287;138
1.3314749645728619;154
1.2468879482309245;146
1.3270675876421543;150
1.2785692765787138;148
1.2756260414850715;146
1.2548956196639758;137
1.2522524835298026;144
1.1481502539606243;131
1.2421838368137215;140
1.1501290683474077;133
1.3116172669744366;144
1.231968043706094;134
1.2603205588328257;141
1.2772835096969997;149
1.2878589052334324;145
1.3364198422861828;145
1.3171262055815636;149
1.2996277482785275;143
1.353804271532728;148
1.2793621020489907;154
1.2775558943883214;155
1.2932493437536303;137
1.2602793805445451;147
1.2814768546725313;141
1.202309098265789;143
1.3213148757215825;149
1.3118236292895284;141
1.3023845553091165;150
1.2932350715656153;154
1.276656649815289;139
1.3289656890248636;157
1.3254513915777972;144
1.343244634998723;137
1.121659284340162;130
1.2758329331770522;147
1.2272911157440203;134
1.173073510751964;118
1.1500228390814897;126
1.2236023194151309;137
1.1892084190256693;124
1.2859108164371216;156
1.2493884714573513;143
1.232109567882446;141
1.2800682997808839;147
1.2555467168564465;139
1.3384073847880216;146
1.35848976999982;156
1.2161474291745882;135
1.4073207796907736;165
1.4342627972899484;165
1.3531477876829276;163
1.4238195809064296;161
1.2604232542052896;144
1.3296133996894741;165
1.282023595756048;141
1.4060457446574217;163
1.292236034088373;153
1.2373743535361454;144
1.2974267513877868;145
1.3171162167861485;151
1.305323925125798;140
1.3600082050663893;149
1.4205885293104679;154
1.3475280754042485;151
1.404778501398584;157
1.3544718438355592;158
1.2655138484272048;142
1.302402297901783;145
1.3305483221448573;154
1.3638301473972736;163
1.360090402666339;161
1.4295671671879278;165
1.4656811495750046;168
1.3224081395816503;156
1.2787128439721873;153
1.4215649054407176;167
1.5028749116661095;184
1.3088717570233075;164
1.3696597330531473;163
1.430722473924549;167
1.442514762454675;173
1.4139508882987433;161
1.286056049902392;158
1.4876525370976796;163
1.5539623229973065;177
1.6364709556867278;170
1.6734389541743457;193
1.6136654097652803;200
1.4701223203225702;173
1.5497702705695953;184
1.433270889207113;172
1.2796605986713776;158
1.3598355166437515;147
1.3688942613683295;142
1.3401739651313207;155
1.3706761108924692;159
1.3262716144025444;154
1.3336545878045798;165
1.3507167325206775;147
1.3950094290120238;140
1.4316739959214981;156
1.48814039736044;177
1.4035352261228315;179
1.5924023795515785;177
1.4653930516530516;171
1.5474264933471973;190
1.4587111154244097;163
1.4707711090022981;165
1.3402611264720068;158
1.4067216199783876;173
1.5054087876628108;169
1.4052878127747646;165
1.256123846141821;154
1.5109851909582224;181
1.4451660130021362;165
1.402847919097601;181
1.6298911766219535;197
1.5606819053732588;174
1.5185974597832879;174
1.571006997876049;171
1.4764661524897207;170
1.5225898983164066;176
1.5083743717304252;180
1.644590758826513;189
1.6797449753898606;182
1.6634187180249962;175
1.5854771765437619;188
1.4878330177500565;179
1.4556120056981388;179
1.5706777898563264;184
1.5574528247446622;181
1.571615309031592;171
1.6328677841071904;172
1.4345498245613224;159
1.3731498362532302;170
1.6312528684599108;178
1.5129436866715333;164
1.3823985696787726;163
1.4055741924047875;163
1.5084958361902066;170
1.5832632969606235;185
1.6257690119399961;186
1.4570189528467152;158
1.5790514354443146;183
1.4564901122290606;177
1.4500359525765159;175
1.537038364586527;181
1.494713197787587;183
1.4783192233207352;183
1.3087231489295836;146
1.4593300644129283;159
1.5379618932830172;173
1.574783000039807;175
1.6408283226289482;181
1.5834751433110192;179
1.5310467450090268;172
1.7153226819915615;181
1.6532033705813935;186
1.71354553171099;181
1.7559646358785792;199
1.769650612676906;205
1.5603233216479175;189
1.6654710012542924;185
1.81550014434307;196
1.7627377760220806;186
1.6945284268496619;188
1.580131995721927;183
1.7913740763296213;205
1.6166641396168175;172
1.5757797672825373;183
1.539391445640975;180
1.541439467237288;179
1.7694917358583564;193
1.5893921466195453;180
1.8648511677218822;198
1.6049135485493253;190
1.716409557461192;201
1.8136510412076527;203
1.6396742979000438;187
1.6913885641589936;205
1.771769111207761;206
1.9014899839036097;215
1.9122913409134983;212
1.7828537279713843;189
1.872957235783403;219
1.9231801771480743;211
1.929227671540768;210
1.7735204145146932;199
1.8354558841981414;205
1.7428084630221046;194
1.741206186065234;198
1.787501157944498;205
1.6738502056707951;177
1.83642182588199;206
1.598584768843097;191
1.8073925673161666;191
1.7185764329967768;185
1.8010089355847954;202
1.8157007267199698;193
1.8064075661395236;193
1.7422664618983004;185
1.8705734665387836;204
1.7301024802843612;192
1.8261944756250936;203
1.7787475544096765;209
1.7565535664402747;195
1.6850927921621404;190
1.7320679887378576;192
1.832149514798375;216
1.7126515377836729;214
1.6874494650981853;196
1.7273050410322526;205
1.718412093237415;202
1.8035800935267723;207
1.900328650569632;204
1.6395930960793905;194
1.5486727219129965;176
1.6619814201379612;187
1.868904855141152;202
1.957861422506296;221
1.7844823733557784;203
1.8323176467703348;206
1.9837860746086415;215
1.9025745217367533;212
1.9519473232384887;214
1.924417991861149;207
1.9430672543363392;211
1.8593988200387546;188
1.873681120479771;206
2.0036641953858805;215
1.8680474980772137;211
2.036796590165257;209
2.0142216994756654;209
1.883571269298647;214
1.9563214011343681;215
1.896409793836493;212
1.9386494909189131;214
1.9648437915310075;212
1.822089000071908;212
1.5964440556912018;200
1.8231467512409674;214
1.913022002297961;211
2.0206146006456462;220
1.894235339041444;199
1.8905512349143443;194
1.81186027714722;206
1.7131337675392746;178
1.725127131309988;197
1.7905253007546844;208
1.773329886531759;206
1.8357430141410305;204
1.8393050783502787;195
1.80542080573529;198
1.8660578474527267;206
1.80183538702876;194
1.8449403674309726;206
1.8841930716753623;197
1.8761762250641234;200
2.102501204753489;220
1.9441624996677576;201
1.8160633163870388;204
1.7770477286455026;207
1.813196530790533;209
1.7812677847912808;197
1.6407613959790799;187
1.8948984450243267;205
1.9335451163771495;214
1.7540620694874844;204
1.9187493616392832;214
1.8717534718647093;206
1.8014344902550048;192
1.8215253933061515;200
1.8569530950674242;220
1.7900406385710899;198
1.796510443873447;194
1.9503743409582313;217
1.9727469316352335;220
2.0339942666574173;217
2.122765087755583;226
2.077565590848063;217
1.9575074838711706;218
1.8795919217579717;210
1.7534642168227723;195
1.8814916736043727;213
2.0449509312916985;212
1.8778148578547864;218
1.9472575290800842;206
2.0314420328028167;221
2.159748718343792;222
2.251725641454126;232
1.910604922724347;196
1.8624650694631546;215
1.780098884448035;206
1.8266125393129247;224
1.7858424654523808;198
2.0434017044917083;218
2.0057410054483307;212
1.920631539037909;219
2.0289160875182057;216
1.8591043460584369;215
1.8001163156519933;205
1.7011123657175544;202
1.9484170410802426;214
1.8844857844677365;203
1.906407875930729;206
2.249146709025717;223
2.091149388542756;202
1.893065471598885;216
2.026895974034194;210
2.19573922018517;237
2.0622768761290526;220
1.9769337102550932;215
2.059925956856761;214
2.1271584399041537;219
2.030269768626542;217
1.8212680596207256;211
1.958310190375145;222
1.893192157665178;205
1.9777159968089355;217
2.0539671692266452;221
1.8529763061319928;211
2.0718951885329675;213
1.9782127281012172;212
1.796475173753598;196
2.0333179961502066;220
1.900063423677042;207
1.944926747450512;214
1.8526221674232064;196
1.8966604363006037;200
2.062138470571761;221
1.8750016627814163;206
2.031273930509441;201
1.9487910504159403;207
2.223773084341384;230
2.1421768167603936;208
1.8660755643886076;202
1.998334271872033;206
1.8937096132785167;210
2.072882791398198;230
2.156595895495571;236
2.0135645102554696;223
1.8575510225625562;218
1.7532893937592697;191
2.023003951066844;217
2.047771734746991;230
2.04569422447688;226
2.2178644883689955;237
1.8988385424308483;211
2.334861877071888;243
2.235955395422002;233
2.4154804016452323;235
2.142636625091828;233
2.357476520405247;244
2.242064194620582;238
2.230058422705244;228
2.399645082283356;224
2.408584561525726;239
2.1775617077011162;230
2.2848573583866933;243
2.3070222760412995;241
2.1623494375607257;232
2.317614863738025;238
2.1990162347488282;239
2.282449570032322;239
2.1880753794506576;231
2.485437054209948;250
2.4123214004730698;252
2.471433827630686;252
2.264685019112793;232
2.115388707527638;224
2.12519629813756;236
2.0988477210215732;231
2.2419851859545368;228
2.3097618478893787;228
2.122518411677925;241
2.208351715506106;228
2.3309227153940397;248
2.3123463053509856;243
2.4320314249388515;253
2.2047991672744143;238
2.353814456996294;250
2.4441831806576744;250
2.6555833708391248;261
2.411838836658195;232
2.5565743585112934;242
2.176508169544683;233
2.2102385272304876;238
2.4392920492004975;264
2.5232736951201775;263
2.514060410322351;248
2.425275361194778;248
2.3393154868386987;250
2.4137919163705273;237
2.2957327466962267;237
2.178168662492374;222
2.332895178455669;242
2.291970558482484;247
2.255253008696095;231
2.096755818799095;235
1.9971429914194452;226
2.205363772854211;225
2.1267838734011546;226
2.1915389165377546;238
2.216425533256703;232
2.141609411091933;229
2.062419619350862;209
2.157576245733292;233
2.077870898913681;224
2.05915597354034;228
2.1119605621678;233
2.113695023541522;232
2.1462220401416;247
2.021211851032902;228
2.2028832736382165;226
2.108633155705674;225
2.2806989490233747;235
2.4694728163245085;257
2.196559915402522;245
2.262232403862375;234
2.3937955320853606;224
2.3059196294237783;240
2.2177377741683943;242
2.2356521232926703;243
2.1715746782574508;238
2.6399433295923123;262
2.49915188725357;251
2.243239071010053;239
2.4236861069589164;258
2.2725018084040123;254
2.2919175226719988;255
2.3515982678501843;257
2.2005354230209937;246
2.440691666483945;245
2.557194543416922;254
2.2220967245088485;226
2.3036104113939087;239
2.153002056509708;228
2.2297368056231464;233
2.3134686943211324;248
2.2233782636692623;246
2.310666301871538;252
2.2146716442330874;244
2.4894466743825854;265
2.4724879286155543;262
2.4796772229540576;272
2.431930708607297;242
2.3513612334877614;244
2.2646969805220154;235
2.3340257257247368;242
2.1417590118903815;252
2.267173799752854;238
2.30931408291252;237
2.538995371353443;259
2.174331023094295;233
2.1828970915060504;224
2.326027938177442;238
1.9577779447759731;220
2.0834371741890014;225
2.2990060618667743;247
1.9520002147343407;219
2.1758884220137946;227
2.2366841564105457;221
2.170312516635211;234
2.118706655476039;234
2.412835047256901;221
2.370023935572122;235
2.4472187299182586;244
2.5727481810838064;249
2.3626231291826794;242
2.1869665449483224;236
2.132149131105568;237
2.3655157585097264;252
2.131052078842582;215
2.220982798542172;231
2.169535390339309;229
2.2169091668056815;232
2.331411993660187;234
2.2003307090758337;230
2.5609039246497347;239
2.536182574016521;259
2.4255665459059355;248
2.3962413378586156;257
2.6120583852160775;258
2.447921854815047;244
2.4414422744144626;261
2.5428355815665316;236
2.3744746624404502;242
2.461966347714573;253
2.389824819827145;245
2.4521589264078485;259
2.4761299023555474;249
2.5142942058103377;250
2.6348407555421733;267
2.887936894658271;271
2.690352157000629;284
2.6040969310540723;263
2.558019765544033;259
2.7391397678840375;270
2.8108976342122824;279
2.7551914453979847;274
2.9347991889948912;268
2.88589687941925;280
2.751151499567379;265
2.6372756519497362;271
2.7258110017110404;261
2.5735776349315307;255
2.6680195436729193;263
2.396621717079706;243
2.699582382145869;252
2.6625050343964585;266
2.4859511804885774;268
2.379546761340113;241
2.3417916051166854;260
2.6051238935066525;259
2.675438684222353;263
2.685447829650584;269
2.552022940088798;250
2.4371989063299275;265
2.4119846380432493;259
2.4009693347597083;253
2.5712885825768503;262
2.615718674594128;257
2.5983686675185105;291
2.5329623977925846;259
2.5044848521628738;259
2.841941774064991;259
2.7426350180248815;275
2.7493912340755693;275
2.7659705785024564;280
2.8938340666913938;278
2.6121657581790076;266
2.792649715915633;278
2.658372152365202;255
2.353366668642239;252
2.623078940930644;262
2.5821972731013516;263
2.745209275002644;266
2.562186195217439;261
2.42668888644384;263
2.358061569914271;241
2.5117603102320314;259
2.4349833921625925;253
2.6673033252675395;282
2.6444257340204715;278
2.6378362693735866;262
2.549339383680587;255
2.5932256794270745;260
2.613678658026005;262
2.8051311741822227;274
2.6210250062866627;263
2.657878458900246;273
2.9072825686692556;284
2.471551938261202;268
2.579853960130196;275
2.4957994097663168;261
2.742779242118109;282
2.76011930069018;268
2.6538781579857336;274
2.6837291711819327;283
2.222422210392606;247
2.290811224106257;250
2.3867989355889416;252
2.623168718730378;258
2.5534039565281916;262
2.502351617774053;232
2.573980967077836;232
2.4211157068341653;232
2.632962974532033;261
2.449476865758935;260
2.444940403821529;245
2.6443510653351954;272
2.445541321463011;250
2.748728931327574;275
2.5929901157061157;263
2.3601181209417605;254
2.401550572475536;258
2.2771933806237517;248
2.4542068194126148;256
2.405331301689412;246
2.6801045777396784;268
2.6892151410311467;272
2.477470156045826;254
2.479594138527342;244
2.2294474386400367;237
2.3895324837467644;263
2.712048040008285;257
2.734246479057297;273
2.743307784440259;269
2.804963781902537;278
2.9383554545122563;279
2.8862887215001334;279
2.805031164490537;276
2.6697548623031526;260
2.4300737963858503;264
2.5007840783316757;254
2.3417359367127757;254
2.31632780989101;250
2.4518625802218152;240
2.4234138735132578;232
2.473045733762454;260
2.4899034178847232;246
2.4587957028871092;251
2.4319572276547623;251
2.4253334030109057;250
2.449568412396584;262
2.775474399953822;270
2.7056383891239033;273
2.7145144726217296;283
2.616959050824029;264
2.5765203628006406;261
2.718303142850253;262
2.8896893588485684;284
2.8249949628951008;279
2.785353377254896;273
2.8416224885736474;271
2.658873116714811;264
2.7579577474410364;270
2.7627982176905976;276
2.7746218602879336;272
2.7811699915190746;276
2.4494735172185482;249
2.5003095614666933;255
2.41630634644618;243
2.3852231859863178;244
2.5886633754802237;254
2.454461620417011;248
2.387188914012238;251
2.580981524794292;266
2.451725215959954;262
2.512635674547383;256
2.431328839194423;248
2.344552838039618;233
2.4304128321651777;256
2.405528939381782;251
2.225319684808557;231
2.2814118706280024;238
2.4214498773780617;259
2.5840362065688307;256
2.4880920156814637;249
2.542279567257045;254
2.524860304357715;261
2.308479316380548;237
2.368153084775515;257
2.259599775842535;245
2.210097156268244;244
2.3483874894641437;235
2.303669777980756;238
2.3917997313506447;249
2.4765114045284347;258
2.6298313519230034;257
2.67085847192331;276
2.4815981186408935;267
2.6304504359347853;268
2.53721062470456;261
2.3801283800779585;252
2.498589542295513;252
2.7294146219143025;252
2.4232894379803067;248
2.500348060142788;251
2.5502887888849295;252
2.4458971322937386;234
2.3174375673006216;233
2.5125244076679674;237
2.512156830890996;258
2.8217457684878733;283
2.55563568007935;255
2.4630291125638477;244
2.5243605620256893;248
2.4674676392269994;259
2.642545561687795;262
2.5854874562308097;267
2.6895973279344227;261
2.881462355276387;268
2.612780470467011;266
2.6447405854417134;261
2.522709356373776;255
2.3522408931854124;245
2.479246085666269;241
2.5475870614338247;265
2.677081403375769;254
2.7005443672075646;262
2.6808113912129548;270
2.580389751325494;250
2.4285643454221706;244
2.5386411725938878;263
2.7399815984209375;268
2.840688535911834;282
2.680195533878143;270
2.499579558246794;260
2.5635481144743024;270
2.7417375972798923;274
2.5042681846810475;264
2.6835589647753326;263
2.6161865036933567;260
2.496549338949874;253
2.8324366852038905;264
2.8257330666175893;283
2.882239966010466;280
2.665542796490064;263
2.637614076485384;263
2.862362662436006;282
2.9816035942164696;277
2.7624767655591205;279
2.5508071719617664;262
2.759002515370299;272
2.632549700791022;262
2.814134610666395;290
2.9575374361277116;274
3.097205799773177;286
2.866965703571677;278
2.647629641038878;270
2.5281992778311713;264
2.7943384770346107;270
2.8267726276536944;278
2.768190858136793;271
2.9289899757178453;270
2.949721843920941;266
2.6295271668287925;274
2.75442315142853;287
2.9207302352024094;284
2.9750882853936393;293
3.016400914923648;288
2.8541959551168348;276
2.6657732919578856;265
2.7053562328724476;269
2.7260610135980032;283
2.80638963780119;273
2.690829875805563;269
2.9222155329139134;278
3.106787466126266;286
2.8590662897217385;271
3.083240070326156;281
3.216092679425723;283
2.9663322545219577;276
2.7227714145815614;257
2.7298935359736007;267
2.707780011225772;268
2.94210857999505;282
3.1871163811922463;295
2.9326389084676427;277
2.699121524933362;262
2.79587789112374;278
3.0367683453962764;285
3.122964442914171;296
2.9170306604344143;283
2.850430664623009;296
2.681832790946665;282
2.757500988167822;275
2.8150223872687197;277
2.775048388278997;282
2.928469550273331;292
2.6081794789030064;275
2.7809749856579318;273
2.690176202739851;272
2.59701370431236;273
2.576467824938864;274
2.6801824613935907;264
2.8206485491113287;271
2.841075195848822;273
2.810775225731425;271
3.113549262903944;289
2.832278652597783;280
3.2169366116793077;299
3.09295013711282;296
3.352251397459624;308
3.3689447943612256;307
3.384992342677615;297
3.1333758544867996;291
3.0018544214195324;291
3.1367252746046725;291
3.011629614211051;296
3.158089686551956;297
3.1979391276960576;293
3.2049403640852354;294
3.012587843799728;283
2.9375274642814637;301
3.0179902092980773;293
2.9217959014023056;279
2.8632409640048393;286
2.8412752915130888;276
2.840542011133509;268
2.9129087329053944;278
2.8917210457670346;272
2.8888518633971882;285
2.989781277478004;282
3.1170668611443775;287
3.0800225179409106;284
3.2170464342750185;284
3.153114131619024;300
2.8980696092915723;294
2.6776687255322864;278
2.6632505303432876;284
2.638707273088933;267
2.7353962001127288;279
3.0126317953810386;275
3.0230635801326873;285
2.9363344613435616;280
3.0681127845925205;288
2.804144489578714;286
2.894729181511994;285
2.956320753756674;282
2.7999727954666667;268
2.8357773449253907;274
2.800644233546082;279
2.492418275602105;263
2.6791080488277483;274
2.755484152557767;277
2.6237178513190735;281
2.5991374938110363;259
2.6506029959280744;268
2.8096711147171702;278
2.5574690466340604;263
2.7634795056911265;269
2.852296551206623;275
2.7586858943851613;284
2.6595607332511024;270
2.72368500089884;273
2.944801377930941;291
2.9696995499383645;289
3.242166211472206;293
3.1490297469805735;296
3.1002721204117365;292
3.141740170568626;286
3.1756369212774707;300
2.84605859034633;286
2.904217547173239;285
2.8892243068562213;273
2.8898392025394095;278
2.8980972208273896;291
3.0038234029866837;269
2.9561465411176435;277
2.66550417778153;272
2.952895112422633;277
3.145121002494148;288
2.960605978952816;292
3.001411866671856;293
2.8928457884562357;297
3.202263026133703;301
3.000314667669195;272
3.0170095373791526;281
2.8688677156658753;275
2.8272338429180515;273
2.8771780644787746;281
2.9686276811475576;274
3.010479859186552;275
2.7577709328816593;271
2.8236357116237043;271
2.8853828025822486;279
2.9021769198923333;271
3.116311694998732;280
3.079612515721697;298
3.1177496573971357;286
3.186133338069301;296
2.996415804084264;282
2.85747584905702;278
2.980240384070045;281
2.9607092662494696;277
2.865543523146653;282
2.6200999070937665;284
2.96434758647337;304
3.012448757554603;285
3.0245218408282724;308
3.1188428187315482;293
3.337797818540398;316
3.17033122868165;299
3.0171581218176393;293
2.883925694479286;288
2.967205213020359;293
2.8289495991397713;288
2.9026936083411883;289
2.963785290063436;275
2.9032892805340214;289
3.0127762313930555;293
3.0772272917856247;295
2.993784168431282;300
2.8845700448488714;284
2.8124589880654205;274
2.594342816505867;263
2.7053664479344013;267
2.817007224521878;283
2.7821419346699514;277
2.9646254606950317;279
3.00105118087195;290
2.9248825315940747;279
2.8928606881093653;280
2.898160031005086;280
2.918475567034182;287
2.7699437564842664;260
2.781369140147255;273
2.800528769408673;288
2.7896055901099683;276
2.8564289093258677;270
2.9085334941350287;277
2.7800734371322733;268
2.743693660447559;270
2.818599072599897;284
2.8704313345127748;283
2.783463634555912;266
2.731620463160977;272
2.924008681223319;272
2.9469771121182675;282
2.7704347609367654;266
2.7693854106971627;267
2.793012105885381;288
2.746747740518008;276
2.8678451100998794;278
2.881118137715605;278
2.7707204638432783;265
2.9215147526990126;281
2.9635207765646316;282
2.7968884220437786;285
2.650775366317839;279
2.82059348948253;281
2.7927749244655637;280
2.944734665427687;299
2.853483181945674;283
2.756155286678979;274
2.799354057344786;272
2.8884244148669795;266
2.7659336707604743;280
2.8311533855096886;279
2.6793892920582922;277
2.6226195913300305;265
2.374925383202811;251
2.4691048694548807;249
2.718482987790541;252
2.711288069433407;246
2.7444348456098866;279
2.690028320516505;274
2.700163036942205;255
2.6571764658749664;271
2.963476970869056;276
2.8065884848940166;264
2.890814418577278;291
2.93748508136501;266
2.949134942259282;268
2.9601515332261243;274
2.7022998775890867;257
2.728032139546269;266
2.810007493231808;276
2.7614739738551632;264
2.7431799827698966;269
2.64195833971602;279
2.7649577530248295;272
2.679239824453245;264
2.9244468384391027;269
2.96653096590575;285
2.6788085795750503;284
2.6523529840033997;277
2.685437287196351;270
2.7682894245600367;273
2.9062005266349153;274
2.89801819337319;270
2.916350673044242;295
2.9541026051311734;294
2.8628676646235154;290
2.946830472481557;298
2.895287741962039;291
2.8382123903115626;282
2.9497329670533876;286
2.7775161729204183;271
2.7207688271689374;264
2.7454670855257195;280
2.8298450501197387;289
2.957429322972459;286
2.841558056529959;279
2.9327426363462745;292
2.871724306236138;265
2.5701501753601352;258
2.4873459179858632;267
2.6807267165875213;284
2.715208398467934;285
2.877387174826056;282
2.8675081029587344;271
2.996093361388304;289
2.8498687167031576;281
2.7570068386041067;289
2.768896445311417;287
3.01410262954059;288
3.2043000838827433;288
2.975545035092786;285
3.0339609559750413;287
2.9709680873299025;287
2.8720713571042094;278
2.956384300185827;293
2.861860200792239;278
2.9372526449483405;286
2.930482821141565;286
2.8067257092557525;276
2.8375742442104803;278
2.693183606839009;274
3.0139488617782937;291
2.8937860028716957;288
2.859221590019756;278
2.9329872449886243;288
2.989190933710674;284
3.0809316219956955;291
2.9261005250696517;284
2.9894909346477037;280
3.0766876719475302;290
2.97140343187772;283
3.046271290219272;274
3.0868849978199617;298
3.4580899615220804;314
3.4344534346827564;309
3.22891105744917;296
3.2924891174013617;295
3.360702961573606;297
3.064448258677104;301
3.3270836191430657;300
3.3084553624533233;304
3.2991670846091536;295
3.211931725117076;284
3.203403130917879;295
3.271381445897183;298
3.3627205598285896;296
3.30380934028116;298
3.367362683618837;315
3.0480393115568036;284
2.994262369001079;289
2.977858280557614;290
3.155297281671352;284
3.187560485346894;284
2.9888298008490004;301
3.254681199140599;305
3.0828846429103844;294
2.822393978510623;294
2.8225847061094913;275
2.9137296274851545;300
2.852262660692247;284
3.0040995287140975;277
2.7801771909906305;281
2.6877863987088517;266
2.827581213379913;287
2.9836299659837375;292
2.8891230118859554;290
2.873706094191996;285
2.88278382204781;292
2.8230585950361657;288
2.824648448102374;297
2.9324910349283826;285
3.02195021530286;276
3.0161441947523726;287
3.007616685434475;297
3.0773608685315974;293
3.1303207281566037;285
3.060510227108494;286
3.123739561008207;291
3.0203221368140714;283
2.8811127093680873;278
2.892227308242332;284
2.8728921311044187;275
2.927824846543737;260
2.9236140420489387;292
2.885310326820515;272
2.8038115438991134;268
2.7391583626640696;273
2.853119147899608;286
2.7117017727175043;286
2.872595442312368;286
2.923646721089049;279
2.742699611511564;274
2.994109992238024;281
3.1246165548295286;292
3.1945405845132684;298
3.1661350734761724;308
3.273572181925055;313
3.369130788656704;318
3.2096676013404886;313
3.0699091694167158;295
2.8761676201470325;286
2.9280402303838025;288
2.945227045785846;275
3.1435588959893654;297
3.092255268156954;307
3.1397566622743884;312
2.954637849690542;289
2.830707753827644;280
2.8059880783472564;274
2.853545188146267;276
2.9724113223030524;295
3.096995887869339;293
3.1983006567722585;301
3.2286592423316534;298
3.296228412150413;297
3.3461289902412323;296
3.3070915562691043;303
3.235594831473324;299
3.3149330489038387;300
3.0276389595977364;274
3.076290270652612;292
2.9889034198493456;296
3.1068338204748382;291
3.036176755384142;289
3.032872677309597;287
3.122671092504601;284
3.1340755735300494;295
3.138174647757376;295
3.088306454671135;286
3.0842055459895734;286
3.1391556530353784;288
3.0357087051550806;294
3.1863454663637603;294
3.099495266297246;285
2.989683414560439;276
2.978709096255534;273
3.1677364042554665;277
3.372576943183513;297
3.2541056698567603;293
3.1039592093697697;291
3.2376547768114046;313
3.0293478847544306;287
3.124822034653547;279
2.9095043644307976;269
3.0518734533237626;285
3.097684134337394;281
3.0030513884118375;287
3.037955701887376;283
3.1103041657404216;297
3.1197576266082345;289
3.2635125995046046;302
3.1474862491502926;309
3.1542404900735708;301
3.109342319567024;295
3.0160106425479443;289
3.056312919657707;281
3.1558464040336;298
3.162846595144023;288
3.1435876091222283;286
3.222202757271111;299
3.0278874083359955;292
2.932301378085548;281
2.8552189396200935;270
2.756006733970647;263
2.817980815873056;275
2.8979264700708116;295
2.8726063779814894;286
2.9111657988057646;290
2.855911647870254;287
2.8136962381182404;283
2.8217590779371773;284
2.8854181921559348;283
3.0072500926026926;286
3.122608310525281;282
3.098590583978437;296
3.0666391377959084;294
3.2583372440146414;315
3.154343257587953;302
3.0740256207775074;293
3.0531864994055264;304
2.966997546175037;289
3.063690511588621;280
3.2094088240759286;294
3.228609972317144;305
3.2737973025076523;301
3.0521534158327888;278
3.069988818242426;297
3.1398031721529707;309
3.195855475913367;297
3.2276325751959396;300
3.1926468538420263;296
2.9957291673473265;291
3.0479766560560604;284
2.9511160955678784;289
2.985976568971028;283
3.041014731832068;280
3.064658037149617;275
3.112373099680492;279
3.2043162366051683;290
3.0660129858356084;285
3.0084456659314927;279
2.9363870934310845;290
2.9884933004445218;292
3.1001157391641807;288
3.005229827422035;284
3.2607090951925737;292
3.282916965608967;312
3.438274705555696;313
3.2731929829792734;304
3.3516115226954892;298
3.3267591401218053;312
3.118182042968214;303
3.182972158016601;307
3.012419218232427;299
3.0912677059011098;298
3.2195691848901418;320
3.22835474627656;308
3.4336807541537016;315
3.3875361799056716;308
3.4579536668291855;308
3.523852432922923;318
3.544248836623804;293
3.4310013422921553;302
3.4007872111586788;294
3.3505056320762563;301
3.531003478749623;305
3.3969567633613047;310
3.3332440367173426;318
3.230430255855284;312
3.1357800622086804;301
3.215519244947676;295
3.2589791157237284;293
3.351681901387473;307
3.3335834038061116;312
3.1470037787963787;298
3.1243507544194524;290
3.2862488068429854;298
3.4786968110787315;304
3.573143635565475;312
3.5472050286638344;308
3.4376576704451347;299
3.4949607495682593;307
3.323515612642598;303
3.4218979891935426;302
3.2555812830083664;306
3.370388549979232;303
3.5224912927089456;311
3.602282282664792;316
3.5051695858871996;307
3.575091387355509;305
3.607071867117104;310
3.666797475983682;307
3.504200002050779;304
3.47357542104529;308
3.529570718366703;313
3.674709860046453;315
3.5583081690494582;306
3.3217762002501274;301
3.3286364202145426;303
3.4095656278746747;310
3.3297128092825776;305
3.2963128542440234;299
3.2805632469358508;306
3.136095449067051;292
3.20028067216695;287
3.4060835754709067;302
3.4534114877221347;307
3.519211123629115;306
3.551407564334612;314
3.43795712684061;305
3.422503716327932;309
3.309301069353044;296
3.2959103116262036;296
3.606745023976413;302
3.4556262492971186;302
3.376938399259392;296
3.4761672671037305;323
3.456103202392565;307
3.47272202413972;307
3.41409767397558;302
3.301640034696932;303
3.12460054666399;290
3.2238217296581397;295
3.268453231402985;299
3.1426374741231764;297
3.2020994965414094;287
3.3040287690172296;301
3.317864364569035;317
3.175020960477345;306
3.0524731012900896;299
3.2560150469696274;306
3.177122474465384;302
3.249124789285463;298
3.2652542634811828;294
3.1664262157321423;292
3.1643521739004057;292
3.1748817205185786;288
3.092023385218714;293
3.2337816998865105;298
3.3002922502425687;312
3.498182664260657;311
3.6200651509960475;310
3.620048501325908;313
3.6965839429259337;312
3.718690893089921;315
3.645571245065939;305
3.7539111390155386;308
3.559859607715209;312
3.5076960283647693;309
3.318429902292227;302
3.355881379022474;309
3.400193976223576;305
3.2579472848970856;301
3.1095846126984306;301
3.2340377907198334;302
3.1612678044068994;303
3.042779899673483;294
3.1384250618041967;295
3.125855160734382;288
3.295091334391162;300
3.321787285178211;295
3.2637647825659464;295
3.2886490070233028;308
3.363432250397919;311
3.3621643264561656;300
3.4094998562270518;305
3.3954735788461052;309
3.5597230739533168;314
3.549612172188168;312
3.619319105979123;325
3.6056583582527555;317
3.4772177581168795;323
3.273342203544192;308
3.2088612490273913;303
3.3694152460977604;311
3.521448563368293;313
3.47143833458638;312
3.588251603535677;321
3.4755162332021143;323
3.442864545274028;312
3.258006541052099;313
3.231415471035366;310
3.2884685646139418;307
3.2934377021900936;306
3.395411016540275;313
3.2590204760096277;313
3.170491377357533;303
3.080678159640646;294
3.1586580916745706;302
3.2529629001104854;296
3.342233185863994;289
3.1836962071478254;282
3.3414673936107495;289
3.196499558835845;279
3.286950745610165;292
3.2896576087467566;299
3.3685774284663577;306
3.2912976359677613;304
3.1681605988162884;293
3.0803346786753933;283
3.121091556845892;285
3.358867429621408;295
3.3341608029413625;297
3.3111937852757984;298
3.273868717643476;298
3.2597440147663495;271
3.285937811298929;293
3.305658260438864;289
3.3699002464526506;292
3.3130083968820627;291
3.157001875742814;270
2.969992317618772;278
2.758626300700533;275
2.753269297934779;274
3.1411810772688877;291
3.3952291818800897;307
3.2801484960977336;293
3.3106357993205506;292
3.263141817132957;286
3.163544033180061;283
3.175600533206108;286
3.0770984008155877;277
3.2208225367669634;281
3.091142905477541;279
3.0961541194818483;285
3.1414206178381945;284
3.2499118003149077;300
3.3691396958339213;311
3.3659519018528608;307
3.3079103187241405;298
3.269637336762193;305
3.24397997027413;300
3.3373934653662083;311
3.2533652085641878;300
3.3478794775795624;307
3.223689972754695;288
3.3174728597796106;296
3.5587762478556595;308
3.5174544331216033;313
3.5997806363667038;313
3.4100448386347852;313
3.3718289459744373;314
3.398886425799725;309
3.3850558209781827;312
3.3229268228635127;308
3.477723473897342;313
3.4299200725411207;296
3.2391205224296806;297
3.403090084281217;295
3.3071487187967623;299
3.241671794781208;293
3.288908574926755;296
3.2067929552366436;298
3.19683399905253;292
3.2116383145996696;284
3.198109868737005;288
3.082668486524756;281
3.173064848363945;285
3.1079491126655943;293
2.9907862629500435;275
2.9350927623460756;269
2.915646969380928;274
2.9889009021378437;267
3.0859002257208643;282
3.1275619380823807;296
3.0214547249948236;293
3.114952547685324;297
3.1054662714373733;295
3.2300284095821157;299
3.3389161299395504;296
3.3121372646856915;293
3.157232923970502;295
3.2110411344807783;299
3.3564273184392084;305
3.5891098554353738;309
3.4482698511268444;302
3.1953434619207393;291
3.155725182533958;283
3.3289844515209146;290
3.5450668283859335;314
3.426102607474838;298
3.345586894047878;300
3.131013191509372;298
3.189115487540492;296
3.142254522365149;287
3.202578187093136;288
3.3393045394789813;301
3.455008677625114;301
3.6065706798721116;304
3.4212433292570115;302
3.136372588234952;284
3.083919844293904;295
3.2263536957257224;300
3.3888665161808933;300
3.3374095746101897;301
3.3929275467416247;307
3.5403600748904256;311
3.608746815326951;306
3.347120177161209;307
3.4188054467515996;303
3.3922200339153674;291
3.44483431741329;301
3.2134796633054545;298
3.33873995490161;301
3.194065323373729;298
3.187514837058384;308
3.2382364341095293;305
3.3580740561028373;295
3.450524160384053;307
3.5688209683701473;304
3.3887175559927467;291
3.2774969326010392;295
3.2726643593856246;290
3.329935811178803;292
3.337246479315714;296
3.2013035155689846;284
3.220786106489897;285
3.3925534770811345;292
3.501110263892498;302
3.335665908554052;292
3.438230006029273;297
3.516984169688358;317
3.5895564835447287;318
3.8043129829741598;326
3.7923889520298633;333
3.7204377578253407;320
3.6845866498088014;320
3.5473160397809655;314
3.5097894019997082;306
3.6481156097839205;314
3.5405971435438905;315
3.5208302635729942;308
3.5454437299158763;308
3.438117635062573;292
3.5866981339639294;305
3.6258543807346646;301
3.521032038858156;302
3.441064486021363;291
3.3688481894908935;296
3.387146301059876;299
3.4333724388002578;303
3.4324527479626847;298
3.551129637042414;309
3.3840410692764924;301
3.3817058614587863;302
3.4792046523067666;312
3.303883742670658;318
3.257248933031047;311
3.165222046774165;299
3.052635918163042;292
3.0883073945301494;304
3.0886430956063857;298
3.2787925359994445;309
3.371231150052701;315
3.545960652314794;301
3.416297657500248;305
3.6410793528777123;309
3.681097988351285;312
3.586162353171724;307
3.6105831813590967;309
3.705473461411486;313
3.7369363843002064;302
3.709655211608332;312
3.7183794854990806;304
3.7231805000710496;313
3.753844598906858;318
3.6908392643763803;321
3.6211761452107027;311
3.6273674331361194;314
3.8213231987843046;315
3.6987913390524376;320
3.8225638569245852;326
3.82748905646639;324
3.7044969573643374;329
3.606429892728069;323
3.5692135893448924;324
