1.0208257715188016e-15;0.0
1.0208257715188016e-15;0.0
1.0208257715188016e-15;0.0
1.0208257715188016e-15;0.0
1.0208257715188016e-15;0.0
1.0208257715188016e-15;0.0
1.0208257715188016e-15;0.0
1.0208257715188016e-15;0.0
1.0208257715188016e-15;0.0
1.0208257715188016e-15;0.0
1.0208257715188016e-15;0.0
1.0208257715188016e-15;0.0
1.0208257715188016e-15;0.0
1.0208257715188016e-15;0.0
1.0208257715188016e-15;0.0
1.0208257715188016e-15;0.0
1.0208257715188016e-15;0.0
1.0208257715188016e-15;0.0
1.0208257715188016e-15;0.0
1.0208257715188016e-15;0.0
1.0208257715188016e-15;0.0
1.0208257715188016e-15;0.0
1.0208257715188016e-15;0.0
1.0208257715188016e-15;0.0
1.0208257715188016e-15;0.0
1.0208257715188016e-15;0.0
1.0208257715188016e-15;0.0
1.0208257715188016e-15;0.0
1.0208257715188016e-15;0.0
1.0208257715188016e-15;0.0
1.0208257715188016e-15;0.0
1.0208257715188016e-15;0.0
1.0208257715188016e-15;0.0
1.0208257715188016e-15;0.0
1.0208257715188016e-15;0.0
1.0208257715188016e-15;0.0
1.0208257715188016e-15;0.0
1.0208257715188016e-15;0.0
1.0208257715188016e-15;0.0
1.0208257715188016e-15;0.0
1.0208257715188016e-15;0.0
1.0208257715188016e-15;0.0
1.0208257715188016e-15;0.0
1.0208257715188016e-15;0.0
1.0208257715188016e-15;0.0
1.0208257715188016e-15;0.0
1.0208257715188016e-15;0.0
1.0208257715188016e-15;0.0
1.0208257715188016e-15;0.0
1.0208257715188016e-15;0.0
1.0208257715188016e-15;0.0
1.0208257715188016e-15;0.0
1.0208257715188016e-15;0.0
1.0208257715188016e-15;0.0
1.0208257715188016e-15;0.0
1.0208257715188016e-15;0.0
1.0208257715188016e-15;0.0
1.0208257715188016e-15;0.0
1.0208257715188016e-15;0.0
1.0208257715188016e-15;0.0
1.0208257715188016e-15;0.0
1.0208257715188016e-15;0.0
1.0208257715188016e-15;0.0
1.0208257715188016e-15;0.0
1.0208257715188016e-15;0.0
1.0208257715188016e-15;0.0
1.0208257715188016e-15;0.0
1.0208257715188016e-15;0.0
1.0208257715188016e-15;0.0
1.0208257715188016e-15;0.0
1.0208257715188016e-15;0.0
1.0208257715188016e-15;0.0
1.0208257715188016e-15;0.0
1.0208257715188016e-15;0.0
1.0208257715188016e-15;0.0
1.0208257715188016e-15;0.0
1.0208257715188016e-15;0.0
1.0208257715188016e-15;0.0
1.0208257715188016e-15;0.0
1.0208257715188016e-15;0.0
1.0208257715188016e-15;0.0
1.0208257715188016e-15;0.0
1.0208257715188016e-15;0.0
1.0208257715188016e-15;0.0
1.0208257715188016e-15;0.0
1.0208257715188016e-15;0.0
1.0208257715188016e-15;0.0
1.0208257715188016e-15;0.0
1.0208257715188016e-15;0.0
1.0208257715188016e-15;0.0
9.541202673798768e-16;0.0
9.541202673798768e-16;0.0
9.541202673798768e-16;0.0
9.541202673798768e-16;0.0
9.541202673798768e-16;0.0
8.929090972084326e-16;0.0
0.035232966720878535;0.0
0.05221732760623756;0.0
9.441466109136563e-16;0.0
1.0032878525438305e-15;0.0
1.0032878525438305e-15;0.0
1.0032878525438305e-15;0.0
0.037802883911759386;0.0
8.036256141642917e-16;0.0
0.0368009284542513;0.0
0.036885692337283914;0.0
0.03390181902690965;0.0
0.050220059814590816;0.0
9.424740735313938e-16;0.0
0.03611456036414566;0.0
0.05147751065432657;0.0
0.05310222989898092;0.0
0.06104808205325207;0.0
0.061964052704251975;0.0
0.050412922161482784;0.0
0.03554001931081946;0.0
0.05076725418672693;0.0
0.06310021255093247;0.0
0.0747855411612676;0.0
0.03496101002863364;0.0
0.06326144719127393;0.0
0.06504654422830353;0.0
0.06279983323137105;0.0
0.08206126659358635;0.0
0.08215149838021633;0.0
0.09642972442610534;0.0
0.10019099699578109;0.0
0.09034837843179783;0.0
0.08162900310418503;0.0
0.07295838325159595;0.0
0.06339934997602627;0.0
0.08791955211572222;0.0
0.12352406897427966;0.0
0.10332086253891022;0.0
0.09668260026978802;0.0
0.11161275750292497;0.0
0.09794744947859953;0.0
0.1301553684141018;0.0
0.1516296700514811;0.0
0.14327142005410193;0.0
0.13886618422547406;0.0
0.1560785490769528;0.0
0.17769675622522665;0.0
0.15956499425718632;0.0
0.1569819626945291;0.0
0.17291699959847268;0.0
0.17334288347779253;0.0
0.1710729761708827;0.0
0.1828993864541473;0.0
0.20938490995655223;0.0
0.18155651095018127;0.0
0.18917363273977233;0.0
0.1783666290916832;0.0
0.16962789275745874;0.0
0.1846284494189876;0.0
0.1629893015723245;0.0
0.18270161498357101;0.0
0.1705950371402155;0.0
0.17377899368118294;0.0
0.19777436873352258;0.0
0.17556162345787796;0.0
0.21007153638070697;0.0
0.1759156976748455;0.0
0.2096907929699995;1.0
0.21468888873205486;0.0
0.2075540212841948;0.0
0.23614951179235927;0.0
0.22754673098623338;0.0
0.23991345611375886;0.0
0.2102839289027322;0.0
0.22467961560961028;0.0
0.22651949828930706;0.0
0.22348624595975752;0.0
0.23860930138802244;0.0
0.23083502251160823;0.0
0.23662234493269782;0.0
0.21460909806191453;0.0
0.24685914064739792;0.0
0.23866299345371575;0.0
0.2798814638649462;0.0
0.28407945876297963;0.0
0.27812186459881194;0.0
0.28538599333385595;1.0
0.2810079200795176;0.0
0.2952892279578448;0.0
0.28546085030505713;0.0
0.2911645849659541;0.0
0.2852494277558803;0.0
0.30354060312406844;0.0
0.3051621256765323;1.0
0.2812794638088883;0.0
0.3062199645383753;0.0
0.305590686318018;0.0
0.27825586786215256;0.0
0.30070611264424635;0.0
0.2883497257717875;0.0
0.29647838760804823;0.0
0.2866162303932001;0.0
0.30612373209353755;0.0
0.28555648685260127;0.0
0.3125581524414852;0.0
0.29270520088659985;0.0
0.3068826035662977;0.0
0.3309113994365133;0.0
0.36796162501341323;0.0
0.33603176814229546;0.0
0.330479051986414;0.0
0.3491859436457608;0.0
0.34325166369694793;0.0
0.34946458811759545;0.0
0.35416882915780956;0.0
0.344002766582612;0.0
0.36935034171701175;0.0
0.37449967672847834;0.0
0.38558269314741256;0.0
0.41197951931285526;0.0
0.36435255823108936;0.0
0.38550633650921057;0.0
0.391331588564798;0.0
0.3933965078666631;0.0
0.39873816670489237;0.0
0.38266188929226497;0.0
0.40601536629837714;0.0
0.40462095197822606;0.0
0.3929138101335741;0.0
0.3790861192569636;0.0
0.3652263801860638;0.0
0.38631127703031753;0.0
0.39290082373723234;0.0
0.39734654784559353;0.0
0.41841877842940894;0.0
0.41483903372913383;0.0
0.40736516525933136;0.0
0.3993212514192055;0.0
0.4067253715975058;1.0
0.419065624137393;0.0
0.43363962212318224;0.0
0.42440445549985567;0.0
0.4148899023146844;0.0
0.4267295983987512;0.0
0.4189971473107083;0.0
0.4439769299365263;1.0
0.41398625154098967;0.0
0.4282982941743936;1.0
0.41325161518651443;0.0
0.423153183430514;3.0
0.4423387312176236;1.0
0.4373169507889695;1.0
0.42672145235913855;1.0
0.42569077456987603;0.0
0.4254825049151433;0.0
0.45098172451032575;0.0
0.43921180475629185;0.0
0.4451675599012708;2.0
0.45467022401103935;1.0
0.45996666307529205;1.0
0.468071339658174;0.0
0.4579155381269791;0.0
0.5107948932444474;1.0
0.49855017960464837;2.0
0.503311432709917;1.0
0.5122337557878042;1.0
0.4956978880570188;0.0
0.49749644068690746;3.0
0.5030558016931209;6.0
0.48684883220627995;1.0
0.49224281674314546;3.0
0.475810945395344;3.0
0.5075092702927025;4.0
0.5290567869537228;4.0
0.5131329984852879;2.0
0.5443374143955325;0.0
0.5377403578260307;0.0
0.5361555869901778;0.0
0.5163660180894201;0.0
0.5312299764614834;0.0
0.5595367781140479;5.0
0.5314908585009123;0.0
0.5395595536075666;0.0
0.539714163309988;7.0
0.540911256745773;7.0
0.5359600611553731;7.0
0.5075736364230378;0.0
0.5118943707469965;7.0
0.5372563657972992;6.0
0.5455946698362408;6.0
0.5388745538177492;4.0
0.5534155725320529;3.0
0.5366144492616364;18.0
0.5283598234146498;8.0
0.5675021486252771;22.0
0.5528189646222734;5.0
0.5733658923082428;25.0
0.5619881326697179;10.0
0.5918744511759345;33.0
0.578831080974335;13.0
0.5645859248713689;10.0
0.554470690343039;11.0
0.5579650004365673;12.0
0.5856247206315593;22.0
0.5724018606167021;7.0
0.5936465010590489;8.0
0.585265289303969;7.0
0.565076657636678;6.0
0.572530247944564;23.0
0.5598699797286559;7.0
0.5586088092046512;34.0
0.5513790669378906;3.0
0.5635530273410285;11.0
0.5676398627187209;6.0
0.5895511032190983;2.0
0.5675704416265702;3.0
0.5521344978185709;2.0
0.5944471331289655;12.0
0.5798337749899185;4.0
0.5795167588409831;6.0
0.569031251812994;12.0
0.5931728836340158;47.0
0.5931516931183854;32.0
0.5647698100991881;18.0
0.5913373503043868;13.0
0.5713174713465956;12.0
0.5857372041356703;22.0
0.5916185234113989;55.0
0.5885705474098611;38.0
0.5925155883288641;24.0
0.592010690394035;25.0
0.6340357329960521;84.0
0.6464269613161283;66.0
0.6277345390593156;35.0
0.6153963324271571;26.0
0.6410477882807253;43.0
0.6127419173493545;16.0
0.6462044473464996;61.0
0.6539816004362163;22.0
0.611300038415328;35.0
0.6021282492917511;23.0
0.6011466137885831;24.0
0.6121112567369178;15.0
0.5825529028137154;23.0
0.597115234809354;12.0
0.6101743586497741;28.0
0.622605227115133;17.0
0.633111010855175;77.0
0.633056818807214;46.0
0.6481869331030758;74.0
0.6329644534677822;57.0
0.6626262060579693;87.0
0.6603453974802233;112.0
0.7007517137193514;108.0
0.6656821753796398;95.0
0.6564966646233638;71.0
0.6548656397327361;51.0
0.6423605650365711;49.0
0.6782966319735951;80.0
0.6511462123633919;64.0
0.6934093241586632;85.0
0.6780592941832095;46.0
0.6559088859530248;11.0
0.7038884993947564;80.0
0.6595382431898223;23.0
0.6323517663881463;23.0
0.6636003998452792;33.0
0.7002556877212953;79.0
0.6793167481916981;85.0
0.6545111398409499;23.0
0.644206561173349;31.0
0.6464825787756475;41.0
0.6610707091388479;73.0
0.6853513214127652;56.0
0.6740817476160839;32.0
0.6973352659385653;88.0
0.723195417809826;41.0
0.6957522655161174;76.0
0.6993418152870962;110.0
0.6930766287674511;60.0
0.7477328060046002;73.0
0.7181174277757116;80.0
0.7040740447100936;104.0
0.7167265874300929;103.0
0.7303860063736407;125.0
0.7180193464961463;121.0
0.676649154450852;69.0
0.7116221038014544;109.0
0.7015901966520569;66.0
0.7052302875640841;141.0
0.7662568931672643;281.0
0.7665643694036492;209.0
0.7004546104758282;86.0
0.7311578557946303;83.0
0.7467149499356496;165.0
0.7436790117020203;208.0
0.7845426874144188;183.0
0.75732128481962;150.0
0.7494836843183431;102.0
0.7528211328592587;132.0
0.7537612564445302;189.0
0.7536636707400027;177.0
0.7525311720180002;135.0
0.7806515254870238;118.0
0.7496426077853939;126.0
0.7315753309309669;84.0
0.7558720926818416;169.0
0.7560136147572125;150.0
0.7486054192843695;174.0
0.7326219145010107;93.0
0.7711919219174416;105.0
0.7474769009906288;109.0
0.7671403835520716;156.0
0.7288542730411182;123.0
0.7291652819798453;188.0
0.7212899928701738;150.0
0.729091983266218;99.0
0.7820925415595946;252.0
0.7267058291162148;119.0
0.7517119287184642;140.0
0.7279178405796626;62.0
0.7292292731173716;86.0
0.7648259394006551;199.0
0.7538426396605464;133.0
0.772223171058604;119.0
0.7361682945121687;134.0
0.7597445835922341;110.0
0.7514185631058831;131.0
0.7556497060342013;110.0
0.807071052059264;174.0
0.7613027668926349;126.0
0.7779608930577837;143.0
0.7910261005143963;212.0
0.8162696932141067;251.0
0.815812784717286;265.0
0.8049283388423719;198.0
0.8578440609079834;327.0
0.8626048211946014;261.0
0.883335463616654;309.0
0.8782198134495771;230.0
0.927514924994005;456.0
0.8972986164181728;411.0
0.8316191038911613;253.0
0.9069805019326053;379.0
0.9014989845476266;333.0
0.812591467097492;225.0
0.8217184309541932;255.0
0.8362196530194904;194.0
0.8916395678437836;320.0
0.8670878214540497;188.0
0.9506408814566812;352.0
0.8565426581570128;255.0
0.8718139621981186;323.0
0.8597812585059245;191.0
0.8719958288817734;198.0
0.8833608473335461;292.0
0.8627308488034052;184.0
0.91054845045579;321.0
0.8769449347348917;255.0
0.8954090673293419;287.0
0.8861047266860419;170.0
0.9490371782431059;266.0
0.8811570951682962;230.0
0.7943268400608051;230.0
0.7720984358642301;135.0
0.7857328710748257;148.0
0.8629265815895044;191.0
0.7920117420061525;221.0
0.8072653833651416;184.0
0.8771147796968057;333.0
0.8170345865755217;140.0
0.8903255762249072;280.0
0.8288474356730993;280.0
0.8263494854187772;305.0
0.7844289991169404;176.0
0.8851316688079334;323.0
0.9063147139049722;388.0
0.8528303354153999;408.0
0.9229189274096529;302.0
0.8702072750673908;387.0
0.869845100617901;275.0
0.8349438362251377;195.0
0.8280788954544906;203.0
0.8363434155301045;219.0
0.8683505320653241;339.0
0.914288774137544;541.0
0.9519171604089391;543.0
0.8673000513044065;317.0
0.8628227510743992;264.0
0.8360735364368382;195.0
0.8409889496811671;256.0
0.8077495687124614;214.0
0.8521208924337572;318.0
0.8066699259979279;344.0
0.8437913915058475;348.0
0.8465100375100951;201.0
0.8134822775713872;254.0
0.8597542115812555;437.0
0.9040562391349211;527.0
0.9124611621600853;489.0
0.8708521490662433;576.0
0.8646429758637808;498.0
0.8728333395653215;393.0
0.9149904192665235;537.0
0.9685818230437637;778.0
0.9532563845683986;586.0
0.9574953060107176;565.0
0.9188435990501045;559.0
0.9560340239150391;775.0
0.9257725104431898;462.0
0.8589496424383053;318.0
0.8822798314479653;351.0
0.9028203157203727;313.0
0.9608282991382959;476.0
0.9923291373403975;501.0
1.0217070355964182;660.0
1.0339026318342766;674.0
0.934146196398307;580.0
0.965010357703736;642.0
1.0019389217030163;642.0
1.044299905024566;650.0
1.0274796760031473;552.0
1.0126722894118618;689.0
1.0121807503587668;730.0
0.9967504273264319;614.0
1.007356961825642;530.0
1.0531544717045471;720.0
1.0169387485546726;560.0
1.043724448716681;667.0
1.038650393672672;732.0
1.0035699250360939;583.0
1.0628387992784512;667.0
1.1124054014796982;1026.0
1.0955728355754495;874.0
1.0868777829045588;748.0
1.0535290234865222;596.0
1.0620641573159209;702.0
1.0557473281844185;869.0
1.0367236716963861;652.0
1.0102582676060003;569.0
0.9758603322564279;556.0
0.9913136613149911;725.0
0.9973583005632932;804.0
0.9558226753870985;514.0
0.9567286077072643;448.0
0.9246100753895544;450.0
0.9429390583410163;394.0
0.9145087768847195;398.0
0.9539052963977365;478.0
0.9587477645486777;519.0
0.9634839745571153;352.0
0.9383226333545122;453.0
0.9903159656655642;726.0
0.9156148366831767;500.0
0.9879099281234783;674.0
1.0028621229895955;698.0
1.007017396776417;751.0
0.9847400160389558;585.0
0.9462038204225294;546.0
1.003323236870711;650.0
1.0163939206318724;677.0
0.948110617767773;505.0
0.9616818872694083;474.0
0.9484450162756737;457.0
0.9996665633226384;625.0
0.9963673534388374;702.0
1.0251202759415583;773.0
1.0294427869117944;904.0
0.9652725325710425;742.0
0.9680295810694853;617.0
0.9417982775944133;607.0
1.0398293985515663;969.0
0.9486068647718693;600.0
1.018110464123387;783.0
1.0530267220647276;886.0
1.0625174109356796;941.0
1.0410035563331392;900.0
1.053393347418852;1114.0
1.0867266618009221;1088.0
1.1117134678428693;1140.0
1.0340698059436357;979.0
1.020384920115387;887.0
0.9951593609036953;638.0
1.0828533156018278;943.0
1.169844857891503;996.0
1.145878555460608;1114.0
1.169359749034214;906.0
1.117570767942499;998.0
1.1639085040811352;1283.0
1.1793883785750616;1443.0
1.103194642568435;1093.0
1.0704302657791096;1035.0
1.1192697282226063;886.0
1.1186487313295943;917.0
1.1274420037061936;1116.0
1.125989102560202;1130.0
1.0977933492577832;1080.0
1.1443070397657078;1327.0
1.1409319303745253;1295.0
1.1289263891931784;1303.0
1.1816954598499543;1221.0
1.1459444714831464;1249.0
1.1352870156013248;1279.0
1.0902142653052036;1103.0
1.0807759300384792;947.0
1.1420786433904533;1641.0
1.1148425457366247;1146.0
1.1200970293589472;1008.0
1.1782338925252176;1086.0
1.2062886381407878;1130.0
1.2390821070854157;1399.0
1.2333132481868854;1072.0
1.1773664421973493;1244.0
1.1740927153001164;1051.0
1.1921487465970106;1287.0
1.2107101234760287;1322.0
1.1731729502060726;1200.0
1.206700515925678;1278.0
1.2872899883255378;1267.0
1.1830846305767246;1181.0
1.1324020773503072;732.0
1.122524493357997;867.0
1.1830659781877615;854.0
1.1761432997821126;1086.0
1.2288369562229167;1153.0
1.327616729644781;1353.0
1.2422169853669496;1075.0
1.22246322145756;1286.0
1.17148586268728;1039.0
1.1952730313082107;811.0
1.220134861017008;946.0
1.2586918889384144;1149.0
1.1948637962915962;1119.0
1.2031261590303866;1119.0
1.218765754976467;1178.0
1.161344914131192;1127.0
1.2289260905186445;1341.0
1.1899318521321118;1267.0
1.2520701977593152;1542.0
1.2008114491365536;1471.0
1.2240968114056776;1414.0
1.2180227564286907;1595.0
1.1508625455896453;1274.0
1.1822729491845472;1354.0
1.1564246637628217;1096.0
1.1312025806260968;1059.0
1.1485375108848808;1126.0
1.097404519544848;1116.0
1.1370719907929008;1197.0
1.1050564326580983;1423.0
1.1081783491933164;1392.0
1.1724885253917252;1723.0
1.1110877130929606;1332.0
1.0830977602071394;1103.0
1.1469946327048945;1050.0
1.121689738069561;1106.0
1.097752998571063;915.0
1.1569849411895576;1125.0
1.1874358840888122;1032.0
1.1506743593445994;946.0
1.1566582273926265;952.0
1.1678599502313478;1144.0
1.1702735679756642;1078.0
1.2586882789763316;1477.0
1.252069817858097;1486.0
1.192933706010897;1384.0
1.2362914057227696;1354.0
1.1802058975595198;1113.0
1.1890565796096457;1156.0
1.2554028553779186;1408.0
1.2773069613065329;1409.0
1.2604056400008188;1371.0
1.3109742554576267;1357.0
1.274040112195487;1250.0
1.2858869056725275;1184.0
1.339942222465061;1273.0
1.300549841705361;1195.0
1.2870891273161857;1334.0
1.253453271040147;1445.0
1.299620714607625;1680.0
1.2898230729332165;1315.0
1.4457509467921343;1868.0
1.3582949264977482;1722.0
1.3396094348071672;1514.0
1.3920875675210187;1824.0
1.259139374905757;1401.0
1.220595617046586;1294.0
1.367478086571463;1868.0
1.3007763465774438;1691.0
1.246642175033546;1429.0
1.2160717796476066;1550.0
1.203670862622685;1328.0
1.2772261195448213;1564.0
1.2980897690916917;1705.0
1.4118036384463517;2009.0
1.36879392698424;1965.0
1.3277938217401162;2203.0
1.3186007182017034;1668.0
1.291635288368129;1303.0
1.2827221377781863;1470.0
1.222320628927969;1279.0
1.1649368308630685;1230.0
1.271027848765703;1215.0
1.2401145559716957;1294.0
1.279016160873408;1454.0
1.3206003549597687;1380.0
1.338096151045264;1505.0
1.2799593805643874;1098.0
1.335468451789406;1499.0
1.3181552960614582;1353.0
1.3952585742912638;1713.0
1.2425407774993724;1227.0
1.2821431653378035;1511.0
1.2609555313575398;1543.0
1.2051253129485247;1373.0
1.1972760915152219;1613.0
1.2286947057034185;1707.0
1.32850000346993;1754.0
1.2692129160932535;1452.0
1.277406673392114;1525.0
1.2952138265636985;1513.0
1.3722402635504083;1767.0
1.2865127555683376;1585.0
1.3140146216160231;1736.0
1.1994380258621853;1416.0
1.2455204797404713;1598.0
1.3412150886603036;1870.0
1.2854730979753295;1490.0
1.3134376681810562;1268.0
1.2431095719284668;1279.0
1.2575341384966188;1385.0
1.2562684982402372;1485.0
1.3135987986733935;1437.0
1.3348776862058083;1585.0
1.3892808982860985;1519.0
1.4809276434729124;1745.0
1.3353987060343029;1422.0
1.2721237475518445;1280.0
1.2851554486946957;1532.0
1.1890422627925423;1293.0
1.2355307663733404;1406.0
1.3171810392997838;1353.0
1.4305576975669598;1984.0
1.3408676700149478;1669.0
1.306194373569009;1508.0
1.2642121609962826;1325.0
1.3544522250707505;1041.0
1.460416603741445;1821.0
1.3930713649067414;1569.0
1.3540282279833278;1651.0
1.3289970676854028;1721.0
1.3842699749394698;2048.0
1.3330574062060268;1675.0
1.4298903902188402;1814.0
1.3039389166434427;1421.0
1.2678496072477936;1383.0
1.3888438902929736;1591.0
1.2791110290561563;1380.0
1.2825345338320082;1412.0
1.3143262971967364;1430.0
1.3670692579437753;1457.0
1.2894909831896069;1093.0
1.3059933798822112;1313.0
1.4019608524225482;1563.0
1.3629143337337943;1544.0
1.2340544777463724;1422.0
1.2921074114578144;1556.0
1.2768489859106051;1484.0
1.3954197816279545;1702.0
1.3646990084863269;1506.0
1.2936127678649536;1254.0
1.3185753552368398;1537.0
1.3693806329079903;1628.0
1.4166049350042607;1695.0
1.3580734924746412;1511.0
1.3707038870656625;1423.0
1.4108035480787207;1732.0
1.4031226922369124;1597.0
1.420551797763169;1536.0
1.4603898203876293;1754.0
1.4601827845736444;1688.0
1.4099078609289695;1579.0
1.3690712315427218;1474.0
1.3921662649530793;1574.0
1.3596863863177646;1735.0
1.4461166761445496;1806.0
1.4622304654731524;1857.0
1.449427550219026;1577.0
1.436199727336343;1522.0
1.4374350268011318;1536.0
1.4420542169444364;1620.0
1.4209363413507456;1732.0
1.275401145318928;1422.0
1.341556754191604;1569.0
1.355456747554214;2092.0
1.421123431662163;2211.0
1.4845775215266648;2199.0
1.3855642148602836;1995.0
1.4954915343069166;2102.0
1.430497163564902;1825.0
1.4715470397893917;1819.0
1.5342782340507493;2181.0
1.5437123345148618;1971.0
1.4134238058073156;1861.0
1.4496176613295328;1949.0
1.4588530009817802;1727.0
1.3347004502483832;1528.0
1.4442171035214766;1668.0
1.464215108044591;1988.0
1.4416093877215743;1742.0
1.447234191448742;2200.0
1.5166305975637169;2248.0
1.4484864599491258;2055.0
1.535388315154349;1666.0
1.4915313451447292;1850.0
1.6109014395086574;2129.0
1.733841434721872;2103.0
1.6967468559883558;2430.0
1.674840450922815;1873.0
1.5876032019315331;1822.0
1.5506335995941887;1624.0
1.6435052448171803;1677.0
1.6291079082543753;1756.0
1.5465284539078543;1520.0
1.6558049271064703;1795.0
1.6576307502425411;1889.0
1.665542098617193;2244.0
1.767477436887941;2622.0
1.7848687598533852;2232.0
1.7601228711317911;2236.0
1.6134725876059632;1883.0
1.4716348332733586;1543.0
1.594466163580379;2274.0
1.6215188000893623;2092.0
1.6991305073932825;2188.0
1.5877571529522694;1898.0
1.5660458125510015;1873.0
1.5980777976798282;1988.0
1.660587348012516;2053.0
1.6073030181068073;2206.0
1.5601049874168988;2012.0
1.6706833113680224;2396.0
1.64600937083959;2415.0
1.6508420847487455;2577.0
1.6053646934804715;2298.0
1.606473092306721;2319.0
1.4975420219108366;1907.0
1.5270437330078186;2068.0
1.5731050787814136;2041.0
1.5388210020666042;1914.0
1.502642957580899;1846.0
1.3513150731458934;1631.0
1.3769838678319801;1691.0
1.6487865363017589;1976.0
1.6096720195373533;2108.0
1.789734103991089;2205.0
1.7454928140040746;2214.0
1.5590238915301287;2194.0
1.593012117572952;2297.0
1.520724254765274;2060.0
1.607629064808439;2188.0
1.6461666735235967;2020.0
1.7735184505264;2245.0
1.8099041420607078;2310.0
1.7699381843568387;2136.0
1.702029794687556;2112.0
1.6278695963059928;1956.0
1.5451169141039778;2087.0
1.527118850761065;2070.0
1.6239842955526977;2154.0
1.5926703200748222;2120.0
1.7158264132418044;2572.0
1.830909889644174;3001.0
1.7637801840211933;2698.0
1.6568715246807566;2412.0
1.6217054759753609;2433.0
1.6509129280406483;2243.0
1.7560395440369663;2640.0
1.6240380371698342;2134.0
1.5836495551348766;1954.0
1.627604130668333;2089.0
1.5160669002079146;2001.0
1.8470484014747255;2543.0
1.5729356855387502;2222.0
1.622028317344317;2027.0
1.5803035071619886;2006.0
1.6611643325106953;2301.0
1.7411644029043165;2625.0
1.7293090661467705;2466.0
1.5934038241413577;2731.0
1.5192088893779092;2172.0
1.6257201202683742;2263.0
1.7168575172747365;2305.0
1.5944764726277227;1854.0
1.5827609028630942;1853.0
1.4727539148145545;1913.0
1.5501576953062917;2005.0
1.6147517058469005;2347.0
1.6157960618562202;2022.0
1.4769270541611885;1982.0
1.5739693033566042;2199.0
1.6198869211831008;2309.0
1.559642431348431;2029.0
1.6287069274059007;2166.0
1.697847295547989;2446.0
1.7756701979374439;2279.0
1.8709056274603522;2522.0
1.7998648493063105;2504.0
1.919647398874497;2752.0
1.898991913148498;2886.0
1.8565806255419914;2560.0
1.9540811644729386;2692.0
1.9879472046703113;2613.0
2.024206398541352;2414.0
1.9355603707386202;2583.0
1.9600833293697408;2608.0
1.7894299083530747;2471.0
1.8399413705553909;2697.0
1.894034856607281;2390.0
1.8154462357254935;2444.0
1.8581512210126192;2800.0
2.01628462316685;3040.0
1.7508808077347018;2509.0
1.79334055608062;2713.0
1.7840897184090356;2845.0
1.7702226969248136;2747.0
1.8690677890175331;2562.0
1.933287239446479;2855.0
1.8072641969290033;2805.0
1.909143595700941;2793.0
1.8110925953559924;2642.0
1.9025316545917017;2926.0
1.902621145949478;2811.0
1.9565636578390886;2823.0
2.0944797298050886;3120.0
2.036321824569674;2851.0
1.975354204684853;2651.0
1.8556991777705485;2435.0
1.9128286935202745;2563.0
1.834667369961747;2412.0
1.8190262898556924;2340.0
1.8816732555921218;2501.0
1.838387096418403;2505.0
1.8477434429274864;2386.0
1.8912480656426156;2621.0
1.7215873887962476;2173.0
1.6839468941044002;2329.0
1.7008409213059537;2026.0
1.7052870388154802;2063.0
1.611240662666413;1772.0
1.7040696723911382;1852.0
1.815799408487688;1724.0
1.892370461572882;2238.0
1.8088560531997568;2107.0
1.9217589952977494;2262.0
1.8478777842237433;2312.0
1.871626597219469;2257.0
1.900930137216695;2535.0
1.92330629787716;2708.0
1.785550171255845;2747.0
1.8728795687296789;2774.0
1.9282556500825212;2621.0
1.964474665058941;2692.0
1.914573231054806;2310.0
1.9924888101506437;2434.0
1.9903168520660754;2822.0
1.8389989049062914;2714.0
1.8756480615316509;2521.0
1.8399740059577452;2643.0
1.750625526937765;2811.0
1.7161471922013727;2327.0
1.8240800701262088;2445.0
1.8753832579820549;2603.0
2.0110385147331766;2832.0
1.8975403934536972;2711.0
1.9803087609165135;2650.0
1.9683430850321297;2623.0
2.07960494373258;2609.0
2.098206406894524;2762.0
2.0298381194215755;2900.0
1.766518485375617;2460.0
1.7822897474157455;2481.0
1.8886196252525997;2765.0
1.927861624727397;2715.0
1.8240691921652756;2153.0
1.95311627107726;2552.0
1.8522198137167012;2987.0
1.973157200592299;2954.0
1.7771639006334112;2539.0
1.9029976078138011;2723.0
1.8794639846533792;2552.0
1.9194601258028008;3089.0
2.0080087025960793;3266.0
2.003611923356029;3045.0
1.9428262296622258;3119.0
2.0066314310359687;2966.0
1.979472868638438;2792.0
2.0402412610725746;2622.0
1.9661232451521395;2729.0
2.125507995248056;3080.0
1.927178887045001;2680.0
1.9282173694944047;2705.0
1.9253550114703337;2879.0
1.9705143639650007;3152.0
2.0190207544804823;2960.0
1.963930454865859;2955.0
1.930784181613979;2654.0
1.8750067929918666;2651.0
1.9215984076099526;2809.0
1.8952237757177577;2682.0
1.8788383216230047;2597.0
2.05416454324223;2581.0
2.1758769531983644;2642.0
2.276411633790729;3257.0
2.089909445530448;3023.0
2.1863669604835927;3238.0
2.12440885765654;3121.0
2.0187430756544424;2499.0
1.959105152383748;2293.0
1.9044454086465312;2884.0
1.9210111203889264;2857.0
1.7933443465850414;2584.0
1.9272852230016957;2782.0
1.9604083038149458;3098.0
2.008448869868469;2871.0
2.046863814334264;2949.0
2.092799508323756;3171.0
1.8990366692395384;3025.0
1.8803670871270644;2613.0
2.0033205782846113;2392.0
2.0960028074562636;2888.0
2.0653926563892777;2502.0
2.003388753201624;2523.0
2.1054152409909053;2695.0
2.0960874138643573;2867.0
2.060797031328957;2570.0
2.049791360110386;2603.0
2.0615280387304145;2541.0
1.9483391571999735;2461.0
1.8881277042511977;2488.0
1.8718100985771915;2333.0
1.9275342325266764;2673.0
2.031693079494648;2917.0
1.9973010094132801;3144.0
1.8957629140003458;2909.0
1.8995106710507959;2725.0
1.8854082769878815;2595.0
1.7156215288740324;2466.0
1.8622416273817262;2436.0
1.83504553083737;2543.0
1.873389403094122;2698.0
2.053071037589084;2926.0
2.0610170802767627;2813.0
2.1356538126807973;2962.0
2.136549581546442;2864.0
1.8855502446869161;2874.0
1.7987137994091282;2503.0
1.7949869788893862;2552.0
1.7152956523533152;2544.0
1.7761860901796727;2662.0
1.7417041603411216;2739.0
2.226795170521501;3468.0
2.0016058741612306;3297.0
1.9114552220702454;3355.0
1.8747641016514933;2789.0
1.899318107148603;2942.0
1.824367193985011;2554.0
1.8955588419656293;2641.0
1.9844296753297437;2887.0
2.12340515446645;3122.0
2.0435665130393423;2852.0
2.053499772243397;2555.0
1.9585821739178972;2279.0
2.0357429079148166;2333.0
2.03836498351695;2189.0
2.009224044109928;2520.0
2.061943059881368;2697.0
2.0554744084360066;2843.0
2.066885774302441;2591.0
2.053693050192976;2565.0
2.0961403481973844;2779.0
1.8516029682205846;2543.0
2.0782729742929917;2590.0
2.098783539571654;2873.0
2.191194189073356;2734.0
2.3413465256595796;2703.0
2.244051054111953;2559.0
2.6362888122976975;2731.0
2.3953070235724274;2673.0
2.2363448362439273;2485.0
2.3372480673620215;2599.0
2.232873516958519;2975.0
2.2945110543526583;3011.0
2.3841944574945306;2906.0
2.0611246373602534;2972.0
2.171462923401792;3017.0
2.2358499406099313;2948.0
2.177931615795759;2892.0
2.061780448549943;2657.0
2.1249257809610542;2637.0
2.196171708999097;2765.0
2.1556993846749037;2818.0
2.1058576904446022;2713.0
1.9820443314152898;2529.0
2.0727966438653462;2888.0
2.0634086415585284;2915.0
1.8447381207430886;2602.0
1.8474337553059423;2395.0
2.0362829955287785;2624.0
1.9661505352511888;2438.0
2.073704959314661;2525.0
2.1779049239705217;2837.0
2.1623597893342996;2631.0
2.227589832432637;2905.0
2.446672765638096;3145.0
2.170627570939758;2517.0
2.0617308420733416;2336.0
2.210631644833689;2684.0
1.9733065681422057;2437.0
2.2314105603722187;2804.0
2.0966309805696146;2816.0
2.199095740743125;3436.0
2.184423560178904;3330.0
2.0861748318636946;3472.0
2.233566531389972;3656.0
2.4150589241718596;3735.0
2.426585593460023;3878.0
2.2886761504210424;3286.0
2.378103353100243;3677.0
2.267828030366033;3274.0
2.316582705665648;3508.0
2.2833836599503434;3204.0
2.301303704867487;3044.0
2.2227798378771015;3113.0
2.245788787792039;3010.0
2.0521363449236993;3065.0
2.2927874262785206;3136.0
2.2235089596686914;3026.0
2.1454278082082503;3232.0
2.2106002936813924;3325.0
2.23176015300856;3484.0
2.2081050515474625;3911.0
2.1633737104437065;3555.0
2.0434995013331188;2763.0
1.957086914970731;2768.0
2.1513842307557502;2979.0
2.401622258515435;3534.0
2.403856214238688;3295.0
2.357497240301846;3614.0
2.3043352606963894;3237.0
2.42501365734039;3487.0
2.3485965145716063;3503.0
2.349702999925761;3521.0
2.1868051469488092;3268.0
2.0167257677349384;2720.0
2.126550637390225;2964.0
1.9483397771758724;2731.0
1.9604759599478623;2913.0
2.104739872974832;3129.0
2.1545544673591666;3223.0
2.2582286894886447;3466.0
2.271835384786475;3189.0
2.085445675888671;3249.0
2.068068732357567;3268.0
2.08442503525649;3321.0
2.1320406355030945;3442.0
2.295571201962768;3902.0
2.2560761922615002;3621.0
1.9721042342110715;3461.0
2.024649792398416;3187.0
1.939856487396484;2924.0
2.161567710084145;3294.0
2.2263503690332627;3157.0
2.163575104534905;3010.0
2.3138184973769853;3249.0
2.1872728132095918;3048.0
2.3238463849597437;3086.0
2.379616294428213;3013.0
2.2990719078352893;2920.0
2.373819659751689;3027.0
2.356757910054109;3095.0
2.3266853558025025;3199.0
2.320779612989514;3125.0
2.1734129981499613;3016.0
2.2144553778110287;3102.0
2.2808067881895497;3384.0
2.212653935463481;3533.0
2.3416274625058233;3664.0
2.3091843326402226;3539.0
2.4921731394119093;4022.0
2.315441008106768;4037.0
2.5624273165293667;4675.0
2.4096288281029876;4298.0
2.5293359689514916;4363.0
2.6570993010464234;3996.0
2.6517562785471926;4104.0
2.545460030070655;3632.0
2.4283201405851833;3401.0
2.510022444466254;3447.0
2.3681826297396187;3247.0
2.1535092294561733;3105.0
2.0604745418579684;3285.0
2.3192174403702643;3478.0
2.278550729482086;3375.0
2.4495337187512223;3660.0
2.4026952736343055;3346.0
2.5032547210682674;3789.0
2.358826601419394;3970.0
2.413375769008233;3753.0
2.3827358151331075;3693.0
2.3102015006131946;3615.0
2.1779500832441587;3119.0
2.2864965804810162;3696.0
2.040409273441899;3389.0
2.1632415001926697;4033.0
2.3693097739846496;4048.0
2.3841401945530682;4031.0
2.4008405351791797;3659.0
2.4628068796186486;3746.0
2.246841307841707;3544.0
2.1889833105440015;3748.0
2.3096145369013654;3701.0
2.0398656128293355;3230.0
2.2452045867985597;3536.0
2.189348538450896;3227.0
2.151740350139985;3449.0
2.1816360353361266;3692.0
2.183523799610757;3114.0
2.3409260561024405;3481.0
2.30193290275166;3384.0
2.563450213956828;3489.0
2.4700355660659445;3624.0
2.277602883791725;3176.0
2.4098997631548897;3600.0
2.5511905151165455;3738.0
2.633500281632345;4087.0
2.3341199434233433;3822.0
2.447555466142527;3802.0
2.4256540937398503;3914.0
2.3738962203122127;3922.0
2.399571237306626;3571.0
2.22870275958632;3382.0
2.1131033139583155;3289.0
2.2182203693715246;3165.0
2.2956902898574607;3220.0
2.4215609506120876;3415.0
2.5326979716458955;3783.0
2.661898298513562;3880.0
2.532784412201437;3557.0
2.504992951018428;3672.0
2.4831378277802543;3277.0
2.6689803948282473;3139.0
2.4838576656296794;3383.0
2.2955860823807295;3329.0
2.3675260450151243;3249.0
2.3431306221338044;3112.0
2.2858992850296542;2777.0
2.3897920071731154;2931.0
2.305706361445735;2914.0
2.3168613414600476;2728.0
2.365517216065365;2860.0
2.4581652467015447;3078.0
2.194472775739657;3231.0
2.2829336346215388;3126.0
2.347186473401674;3244.0
2.107917148507645;3289.0
2.2120934379664443;3364.0
2.1647852009604236;3261.0
2.18582692042057;3505.0
2.1921084300104194;3348.0
2.3188353533981894;3477.0
2.109403026561872;3522.0
2.19034414026699;3483.0
2.23383521610847;3197.0
2.381068781841518;3248.0
2.4822639035771785;3280.0
2.2958732086685965;2993.0
2.29833546001809;3012.0
2.3068883769715893;2853.0
2.464570914685248;2818.0
2.4273072592002367;3173.0
2.347518920681212;2822.0
2.3851888449721694;2918.0
2.497749900859792;3045.0
2.387448735581946;3103.0
2.518345661676543;2976.0
2.2191644439310743;2647.0
2.441823442629874;2953.0
2.4471614664299985;2870.0
2.2097188286112033;2776.0
2.3336739183146142;3076.0
2.244918730086701;2976.0
2.2777474547499;3057.0
2.2342030685481933;3266.0
2.0586375271961033;2886.0
2.3011453584897326;3051.0
2.248873246162132;2928.0
2.261494561655399;3131.0
2.3175545106237347;3411.0
2.3088749446944603;3554.0
2.326997755500927;3793.0
2.3028143688625424;3349.0
2.4436075254474328;3450.0
2.393671658576716;3175.0
2.4333687923355365;3420.0
2.4174578278740326;3494.0
2.278505800154142;3097.0
2.350169641908275;3163.0
2.3634743992774956;3230.0
2.292678492350543;3206.0
2.4461059772032674;3361.0
2.559497606785324;3385.0
2.6434872678185215;3313.0
2.550016961240389;3343.0
2.5208638044328966;3540.0
2.445948083959458;3622.0
2.412511094573296;4033.0
2.548445727994052;3865.0
2.745757131615521;3700.0
2.7931328321138302;3754.0
2.734675418470918;3571.0
2.6276506115577463;3491.0
2.6561415085716296;3555.0
2.6546736985721;3509.0
2.4182417128824025;3663.0
2.3947989976360526;3413.0
2.4612966818211577;3420.0
2.542871740470369;3466.0
2.6159481230529904;3883.0
2.594335824627563;4058.0
2.615043720108988;4063.0
2.4818958747676803;4046.0
2.6112959993203297;4002.0
2.6469143671242525;3741.0
2.5212434503252497;4009.0
2.4713332341636027;3471.0
2.519108254307714;3351.0
2.579567290487392;3716.0
2.502710603069284;3541.0
2.5806200855048402;3478.0
2.392779650197102;3283.0
2.2434888306655263;2986.0
2.412987045678885;3212.0
2.4166496849523487;3497.0
2.48567626493841;3523.0
2.3366436517355402;3427.0
2.327335028874295;3401.0
2.1926489502927256;3393.0
2.2883429203346806;3760.0
2.3107693426137335;3517.0
2.4701928003353193;4052.0
2.6801531428158154;3895.0
2.532308795658564;3667.0
2.3677832787776345;3583.0
2.2773001427233184;3061.0
2.40242177095795;3195.0
2.4445310563393265;3287.0
2.327980410303903;3195.0
2.3797287572335573;3451.0
2.5896688126794087;3748.0
2.4604525776396375;3810.0
2.2656856385972666;3631.0
2.405892028616069;3518.0
2.1012874307668055;3187.0
2.045451731659796;3023.0
2.2246458064353845;3213.0
2.257240485207125;3155.0
1.9931402333419062;2790.0
2.075257589983087;2988.0
2.276228289161522;3224.0
2.251269830609193;3432.0
2.2688518982496366;3336.0
2.441490543211101;3728.0
2.372356975127836;3219.0
2.292435041848125;3579.0
2.334654347495222;3487.0
2.5272888359188177;3852.0
2.5310063235686435;3561.0
2.7124296453456593;3346.0
2.5112223113879315;3265.0
2.756088067452645;3919.0
2.5419195996830837;3791.0
2.3405671208047716;3463.0
2.363268324071474;3591.0
2.306645664064308;3601.0
2.32765407424989;3262.0
2.315846162160766;3285.0
2.084939119777539;2906.0
2.327243714003639;3256.0
2.2241122989410558;3242.0
2.3182689134209533;3178.0
2.388146023697156;3443.0
2.4005855105103238;3561.0
2.294676410918317;3229.0
2.28396700803554;3388.0
2.625621969486819;3967.0
2.629243412978886;3818.0
2.465314355395248;3564.0
2.5102541181039078;3386.0
2.3019528400808653;3451.0
2.424786308739204;3527.0
2.6487825910957183;3761.0
2.670612858547067;3774.0
2.647863081097614;3527.0
2.6047388259779467;3699.0
2.6035942872224394;4272.0
2.869596278820374;4319.0
2.5171271322083744;3652.0
2.360779159372962;3156.0
2.468609707594432;3167.0
2.287970733205519;3211.0
2.5018849922628026;3697.0
2.4399566795168437;3419.0
2.2759077820531375;3002.0
2.531880549045396;3189.0
2.5735793738661803;3384.0
2.5323668569002495;3504.0
2.386648592044968;3292.0
2.343992297062579;3348.0
2.5046792685183124;3624.0
2.5075427346913663;3725.0
2.705547569453826;3644.0
2.6865888605287958;3562.0
2.4427438097140612;3715.0
2.434987357890947;3425.0
2.3292366354500347;3517.0
2.321686838235926;3857.0
2.508880364954357;3744.0
2.534967369750416;3864.0
2.2812493965638283;3676.0
2.4135111554433615;3950.0
2.665930687895051;3727.0
2.715480280330953;3911.0
2.618825404242168;3724.0
2.470660612493199;3477.0
2.4578793641552457;3308.0
2.5831820951187803;3420.0
2.3476535005899732;2964.0
2.26325400505022;2764.0
2.449263615452215;2752.0
2.5885947355222942;3030.0
2.520558782712965;2955.0
2.6647078800298356;3262.0
2.792637652825683;3387.0
2.810792014519223;3604.0
2.7597334914095284;3690.0
2.896777499780498;3946.0
2.9471977678156995;3941.0
2.7872339912902526;3906.0
2.9227737272848078;4011.0
2.933109460069316;3865.0
2.785061208262902;3919.0
2.72710402492574;3666.0
2.465433354866463;3401.0
2.35742074631557;3323.0
2.446248454466173;3390.0
2.55732276956439;3401.0
2.446008780561254;3211.0
2.3184048569206315;3180.0
2.4861964629996147;3269.0
2.282495193515692;2752.0
2.496623782665862;3343.0
2.497598512771947;3652.0
2.5295971376721176;3476.0
2.3125747180165384;3384.0
2.5874917808957734;3817.0
2.598644005312906;3861.0
2.8209747046067872;3907.0
2.64650645708628;3652.0
2.5321720010389654;3594.0
2.4928246944250247;3630.0
2.6910663291007535;3878.0
2.619327980013526;3948.0
2.8172097252830026;4004.0
2.8975267129127835;3820.0
2.8042438950979656;3752.0
2.8698726047746814;3936.0
2.7361800446677225;3654.0
2.641873065847556;3554.0
2.742166710618449;3430.0
2.778982752826773;3558.0
2.5239954594827365;3674.0
2.5206691900415596;3454.0
2.555640816464735;3256.0
2.660837683602284;3843.0
2.5264509945479507;3539.0
2.5597116222337903;3695.0
2.4947996451574626;3518.0
2.655503350496491;3562.0
2.516315716778029;3534.0
2.75557194738933;3639.0
2.8703044878035047;3816.0
2.6175459111850508;3334.0
2.7014118695590317;3515.0
2.636539436407577;3734.0
2.638267574290837;3536.0
2.4902363472255704;3280.0
2.5879558900894644;3735.0
2.661891256832511;3673.0
2.6018562870471955;3766.0
2.6230056290509847;3524.0
2.616686674641424;3690.0
2.617267825612667;3690.0
2.5277261362777748;3966.0
2.7188237497362495;3987.0
2.8289447365819482;4550.0
2.8847275249334925;5001.0
2.9508519036573295;4510.0
2.8749888395117607;4420.0
2.8749945785251607;4250.0
2.7763172265022646;4049.0
2.8651909877778965;3904.0
3.049757467136495;4085.0
2.968684106279049;4436.0
3.0658697032915936;4257.0
2.9802682618022995;4106.0
2.9266432558745388;3823.0
3.073382862252858;4244.0
3.0304216777242656;4120.0
3.0846533367261824;3934.0
3.1354954165482645;4136.0
3.0690937712035264;3884.0
3.069003687920476;4106.0
3.0040517651305514;4183.0
2.824520880031415;3736.0
2.910128594207797;3784.0
2.9391259120686763;4027.0
2.779739171179798;3787.0
2.714932294474165;3673.0
2.6197411946718105;3502.0
2.4633004369128257;3446.0
2.4689018043479214;3455.0
2.7979957517222576;3621.0
2.711262838396622;3622.0
2.5914189460341683;3612.0
2.5475688067941693;3501.0
2.7292831193905966;3545.0
2.8075868827453614;4056.0
2.8003400540150607;3896.0
2.7114094841331693;3568.0
2.7009451566987717;3231.0
2.589094536547948;3255.0
2.785060543609249;3347.0
2.6102373210353913;3288.0
2.5598331154232854;3203.0
2.5031443921968854;3170.0
2.5055396178787688;3010.0
2.616561420200734;3110.0
2.614562892421325;3204.0
2.635727863703155;3443.0
2.829707831918331;3601.0
2.768171306229426;3773.0
2.9472114937117824;4227.0
2.8660828520039443;3838.0
2.643043947360414;3570.0
2.828454234277489;3493.0
2.605155255140027;3166.0
2.6421223584078026;3143.0
2.4915378228750105;3103.0
2.633276648758839;3344.0
2.356235801386843;3037.0
2.2946829347201474;2747.0
2.4706186942351946;3129.0
2.497573932091317;2961.0
2.493588061914032;3068.0
2.6430714135429434;3231.0
2.462054619303976;3443.0
2.6852918370050123;3686.0
2.703154749207558;3711.0
2.9244815071876427;3986.0
2.9708726001540633;4073.0
2.887869433592663;3986.0
2.9145452049906257;3797.0
2.8969391342507578;3738.0
2.886138983315007;3560.0
2.6468070317634664;3321.0
2.6545112850218953;3639.0
2.6945796624985285;3207.0
2.7316505299951106;3181.0
2.5539845104651744;3162.0
2.6739802557609336;3302.0
2.6559386664446927;3313.0
2.641720298054137;3463.0
2.58440848532687;3268.0
2.6410356189733966;3282.0
2.525811523381819;3425.0
2.7692652608717254;3754.0
2.7910006840715083;3830.0
2.950914203643648;3935.0
2.9483833160724706;4067.0
2.7943124979208647;3896.0
2.818900478310525;3916.0
2.777247250308091;3852.0
2.7050136663006175;3603.0
2.67823332957841;3843.0
2.7045322389672264;3808.0
2.570901323791165;3908.0
2.6652779332240977;4213.0
2.62412616730376;3725.0
2.5607131618610497;3493.0
2.526416217794127;3768.0
2.6929538141855827;3604.0
2.834306153628815;3715.0
2.7025998181382818;3554.0
2.6187808910381234;3283.0
2.6102019819065796;3462.0
2.9181056370273697;3764.0
2.6313601244527147;3644.0
2.4473722663969095;3530.0
2.36388729989749;3404.0
2.4462355578493677;3574.0
2.685625513488365;3789.0
2.5852443810061105;3636.0
2.8566329270083286;3880.0
2.743229597369098;3973.0
2.763665676579122;4122.0
2.9279938082600423;4119.0
2.9566260990924884;4200.0
2.9641788885096467;3981.0
2.8565557933504;3790.0
2.784205748851564;3768.0
2.842280675727849;4072.0
2.7507394060590546;3937.0
2.6403477096232484;3690.0
2.699247010236586;3733.0
2.806647394949616;3633.0
2.8646668764392205;3649.0
2.762983540921017;3374.0
2.66052131287393;3571.0
2.8330549566980583;3658.0
2.6629469856237358;3156.0
2.573700516887362;3307.0
2.676183115752728;3678.0
2.762784157293502;3470.0
2.8792000816484102;3703.0
2.6612226468536817;3896.0
2.657310692183582;3476.0
2.7741882632487167;3489.0
2.9219166826754264;3910.0
2.8053230226433996;4014.0
2.7804495647620913;4142.0
2.8384418895646886;3966.0
2.8933518300186933;3687.0
2.738316993598665;3516.0
2.7087232101936536;3450.0
2.6561244888631323;3578.0
2.475364591362484;3259.0
2.5587790652338542;3282.0
2.5587639503676805;3129.0
2.4642878315260575;3004.0
2.352674460610471;3098.0
2.2647275186711324;3275.0
2.454879494676939;3439.0
2.3179987785616416;3503.0
2.3836959103096285;3498.0
2.355646209471223;3421.0
2.5231657966976733;3502.0
2.629998022689515;3477.0
2.4627780090452838;3388.0
2.4704279168219414;3493.0
2.5108854886535172;3419.0
2.841895007850241;3611.0
2.761739560101574;3525.0
2.9033964676233537;3725.0
2.7831399709126132;3781.0
2.937311616705969;4090.0
2.6864159328877846;3854.0
2.7326157617391864;3924.0
2.5430353245562753;3704.0
2.5629846610427447;3759.0
2.6616680342168295;4013.0
2.643593643847359;3880.0
2.506715038461849;3685.0
2.665105226934039;3644.0
2.626828200199652;3399.0
2.595654120730562;3273.0
2.458458544448596;3295.0
2.568045864401857;3245.0
2.3694934002654806;3264.0
2.401920013545331;3311.0
2.4737446232188325;3443.0
2.609034312682606;3588.0
2.6802856701903517;3584.0
2.6227691279287515;3418.0
2.5484007896879923;3300.0
2.7315993494378166;3824.0
2.70819540619182;3849.0
2.776744227835501;3748.0
2.879257313508157;3979.0
2.825767837094909;3828.0
2.8838210709253778;3817.0
2.911180838670601;3725.0
2.6530668557186456;3752.0
2.7868554536339416;3616.0
2.9308646262929012;3855.0
3.049226429953773;3972.0
2.7549582013827063;4187.0
2.925803772966061;4226.0
2.8425167063481416;3742.0
2.6435664207549796;3447.0
2.514971919862753;3697.0
2.667681249736481;3803.0
2.8563964328500075;4100.0
2.479592341031859;3669.0
2.8152874023775776;3570.0
2.8448030565723657;3290.0
2.8544769969227572;3534.0
2.7285873541961765;3464.0
2.725700184529194;3195.0
2.861302639472015;3461.0
2.951926892012108;3676.0
3.005069187605921;3632.0
3.065907623697014;4003.0
2.8153288935940117;4017.0
2.748730338179122;3816.0
2.9303228014734493;4002.0
2.9558959379747973;4290.0
2.844734896072225;4230.0
2.8798323054172967;4350.0
2.8079037807563547;3716.0
2.7298852740969757;3781.0
2.7402480780651866;3778.0
2.734445315062212;3758.0
2.6715299872146443;3396.0
2.5829056522438614;3540.0
2.594769687453343;3513.0
2.636849217562473;3720.0
2.4768448780262973;3699.0
2.632304835160169;3803.0
2.592837700527507;3804.0
2.6273855461104314;3660.0
2.67675873801684;3927.0
2.7589963039553735;3758.0
2.781110309932256;4028.0
2.8253637955290607;3970.0
2.865685406447965;3752.0
2.7425200541513557;3759.0
2.741067827970345;3564.0
2.7325990774716082;3372.0
2.8723211648140925;3517.0
2.966763300063434;3688.0
2.944199069919931;3542.0
2.775363722217947;3575.0
2.6607837436477646;3158.0
2.632180473232907;2906.0
2.5731375354909605;2929.0
2.7112636237611643;3126.0
2.7644042529651225;3240.0
2.8193677446460477;3542.0
2.7986656600497235;3732.0
2.768102011538513;3604.0
2.8121495911255945;3396.0
2.901046818584397;3430.0
2.917006637194251;3591.0
3.0466639239829947;3740.0
3.0638840145549455;3976.0
3.056369133151352;3869.0
2.9608885874548494;3505.0
2.9008295164816618;3618.0
2.860017719158244;3646.0
2.891308301195463;3580.0
2.7968261406158645;3523.0
2.596710937465532;3287.0
2.837008169195792;3476.0
2.912992760708368;3779.0
3.1260231702026204;3729.0
3.0514471135187407;4049.0
3.1744613703218754;3879.0
3.0666864251106962;3753.0
3.1658211940902072;4118.0
3.149576738361084;4310.0
3.007984590596652;4281.0
2.841718715261529;3880.0
3.1979914375352045;4035.0
3.4314608902689643;4156.0
3.0499151519451124;3987.0
3.183492581538992;3888.0
3.500405751382978;4167.0
3.611264852638199;4052.0
3.6191163988024795;4042.0
3.6829782236304704;4115.0
3.435091641590239;4061.0
3.530736104708108;4306.0
3.325915526802914;4184.0
3.31133628488424;4113.0
3.1950409276463354;3957.0
3.179176118819516;3740.0
2.976054104149121;3724.0
3.1908410504513487;4143.0
3.155813421826143;3854.0
3.046202328668359;3845.0
3.066872880476128;3957.0
3.1374955841246273;3998.0
2.957099609566114;4125.0
3.022162693383189;4095.0
3.2491683846089767;4338.0
3.209933839120213;4233.0
3.174005301851826;4137.0
3.257358818721709;4024.0
3.342167172514481;3859.0
3.486448353691316;4074.0
3.536633064986672;4004.0
3.3257470363319817;4186.0
3.400976669023062;4099.0
3.399693580933391;4183.0
3.570808575732377;4459.0
3.763895218046274;4473.0
3.7117702255017506;4598.0
3.735142039394162;4545.0
3.5394625238227015;4340.0
3.264522226768583;4130.0
3.6200878279597863;4235.0
3.5309598816177576;4262.0
3.442059776822621;4391.0
3.2299635120211896;4149.0
3.146948613918872;4162.0
3.34698326027187;4272.0
3.049704392014312;4057.0
2.978020456235113;3937.0
3.029062584142197;4066.0
2.987465327271922;4079.0
2.9907162850370383;4232.0
3.1250764840894094;4321.0
2.8746122992463428;4255.0
2.758883424226523;4092.0
2.902504652099704;4476.0
2.8434739760243963;4351.0
3.038890215087966;4295.0
3.015866881642972;4164.0
2.8410473040180264;3961.0
2.9009558845899632;3944.0
2.8421129504138865;3550.0
2.9807766657881074;3626.0
2.992893082481655;3764.0
2.9949170665519955;3961.0
2.9514172798713023;3744.0
3.0287357558483414;3806.0
2.8817352212291265;3835.0
2.8027942448443346;3968.0
2.71124820113779;3864.0
2.6073621971374084;3610.0
2.6010146340324303;3314.0
2.662315671667171;3541.0
2.6207770810834736;3494.0
2.804711455339329;3987.0
2.6877117005445124;3949.0
2.8057816401980187;4033.0
2.9512937837803914;4046.0
2.815854824814753;3921.0
2.911920491089778;4256.0
2.7830246598371637;4306.0
2.9982065351133893;4249.0
3.101976533373603;4171.0
3.0256511652451388;3946.0
2.755673611201503;3854.0
2.6903241614676765;3650.0
2.922448517094973;3808.0
2.8031566934766254;3891.0
2.9397276200496343;4114.0
2.786460653425331;3738.0
2.712117310354915;3539.0
2.8674122643362168;3501.0
2.8318217234339373;3546.0
3.0736278148769154;3834.0
2.877434422759221;3528.0
2.803575802308841;3821.0
3.0748144128987405;3967.0
3.0087448694302035;4126.0
2.831038962928554;4072.0
2.957817411059453;4055.0
2.878242423801507;4038.0
2.9985270526630443;4028.0
2.967554723140707;4147.0
2.708595810572856;3919.0
2.7275516066894046;3909.0
2.62929905751535;3870.0
2.6960536325541375;3856.0
2.742307160828754;3904.0
2.7072230678169347;3868.0
2.8669869291166563;3853.0
2.973047840825004;3803.0
2.7740844327966516;3725.0
2.7818979322854256;3861.0
2.8828527009313407;3857.0
2.8814901130379327;3647.0
2.776763961043769;3495.0
2.8611524663293255;3657.0
2.8648398961038177;4078.0
2.9913225002106585;4206.0
3.0817851397986358;4378.0
3.2631060840220947;4300.0
3.044364059770634;4233.0
3.0952756011893845;3922.0
3.1106056819645795;4065.0
2.9490187850636462;3828.0
2.933813426595605;3614.0
3.1074632361630656;3635.0
3.054534519871709;3838.0
3.036034520123157;4079.0
3.0354766764329066;3998.0
3.1002603703951856;3943.0
3.0457778071192165;3736.0
3.011209016138192;3845.0
2.8295332987538093;3592.0
2.891430504699523;3772.0
3.0831995694862697;3819.0
3.1212160013225407;3928.0
3.2116000750053315;3976.0
3.2692105900130466;3859.0
3.3740278025394157;4079.0
3.2456965470916925;4092.0
3.3672123688591427;4107.0
3.350408189223413;4116.0
3.229616499806885;3982.0
3.0852273986728225;4054.0
3.019924743437813;4186.0
2.9989136975187916;4378.0
2.868819535602311;4115.0
2.9055034538915514;4179.0
2.8554892550316353;4084.0
2.753928529149129;3855.0
2.9021852119064153;3952.0
2.767989621676684;4024.0
2.811955694665602;4022.0
2.8811659452141383;4020.0
3.0796833829377266;4142.0
3.084398959898971;4112.0
3.0421060853079904;4346.0
3.1234050783971234;4070.0
3.187402319382209;4080.0
3.10309966564086;4188.0
3.1411180288697014;4195.0
3.050300805668495;4284.0
3.1194329818123547;4231.0
3.1055313235140303;3943.0
2.947451533787534;3847.0
2.787481338211311;3725.0
2.685115997876022;3890.0
2.6199455124236;3839.0
2.5322897576803483;3983.0
2.553877599936265;3890.0
2.6681095894548;3666.0
2.931551396744488;3895.0
2.930213839260787;4046.0
2.974887586932115;3891.0
2.8851297793035275;3655.0
2.870825627592944;3627.0
3.039074668870536;3749.0
3.022971156062784;3966.0
3.0181283292007546;3857.0
2.9673552436260393;3622.0
2.7798073852427785;3535.0
2.8102775495119316;3750.0
2.769627199295233;3532.0
2.7331565411970753;3964.0
2.7674690719980153;4305.0
2.7738421020530604;4218.0
3.0210849810937983;4317.0
2.9219830090138847;4035.0
2.752193942016961;4031.0
2.894158075622126;4004.0
2.893067020166026;3990.0
2.9371455719534785;4018.0
2.9294665753413427;3970.0
2.9104291186240916;3737.0
2.9531611912553886;3967.0
3.066924939708169;3903.0
2.8706787341597075;3729.0
2.769957234142723;3600.0
2.770929760223142;3802.0
2.7194196525472725;3783.0
2.6889107289225453;3592.0
2.7392496040160492;3492.0
2.779990070657031;3666.0
2.9101033240600316;3848.0
3.0483110012207635;3923.0
3.1470514626366035;3992.0
3.2281491856263553;4142.0
3.077993004337844;4166.0
3.1873058363660838;4438.0
3.042861301428651;4488.0
2.9248430445843767;4265.0
2.771738206572861;4149.0
2.816131059467021;4009.0
2.800590904205793;3942.0
2.907791760932157;3869.0
2.9132903587544146;3840.0
2.7476724554283383;3871.0
2.88620835065434;3954.0
2.694632117951272;3590.0
2.974770521283039;3884.0
2.9215183128385274;3780.0
3.0285332568596526;4070.0
3.0763233394030247;4016.0
2.9996314798016344;3770.0
2.8981503879541495;3632.0
2.844747241099238;3523.0
2.9095368956949192;3406.0
2.9166069842600493;3764.0
2.996774107480484;3655.0
3.2039500118955533;3591.0
3.267598208064097;3326.0
3.31008582842408;3393.0
3.238876412316414;3441.0
3.18865449619992;3580.0
3.1257873180369917;3405.0
3.0764783464043517;3435.0
3.0234272367692157;3321.0
3.042483266650181;3327.0
3.1415232454395965;3290.0
2.9937787682754853;3407.0
3.0666559143883014;3584.0
3.0852115719063287;3224.0
2.8054266076296113;3122.0
3.0977300577357507;3451.0
2.872229111962598;3252.0
2.789208543076872;3397.0
2.7342004558376436;3471.0
2.643251237665152;3440.0
2.7108626637371147;3453.0
3.0444920327085745;3550.0
3.054168674607807;3566.0
3.279524219116693;3757.0
3.3334328356102247;3858.0
3.1491752661951025;3788.0
3.2375220009121275;3787.0
3.068796536226172;3918.0
3.114115849487606;3887.0
2.954231106739834;3938.0
2.8950548822110327;3875.0
2.791302090905348;3951.0
2.8963850209808095;3901.0
2.774545265201474;3883.0
2.6778637160646666;3593.0
2.6792897395492554;3611.0
2.7380449312502675;3561.0
2.9029399059463086;3571.0
3.0574139364128285;3541.0
3.117107318032403;3642.0
3.012890350831773;3600.0
2.9114420613583696;3683.0
2.7734846857285933;3940.0
2.7069349343497717;3606.0
2.8723686993538506;3854.0
2.8157740743309683;3607.0
2.931045721889914;3699.0
3.019384985084812;3820.0
3.038587131196211;4113.0
3.001828475599819;3953.0
3.2090846137340363;4083.0
3.1991269612023623;3924.0
3.474118949348546;4124.0
3.5381200740467276;4027.0
3.5587580715128744;4154.0
3.6365640058054183;4070.0
3.479668800250878;4253.0
3.2774607007095016;4264.0
3.0769904487350392;4402.0
3.0452068608102114;4132.0
3.161151969221535;4090.0
3.255217245616076;4001.0
2.9796983976820273;3771.0
3.022537009114816;3897.0
3.035552638742837;4148.0
2.9290556202206104;4240.0
2.8084320034389942;4255.0
3.00937327003995;3984.0
2.930262729529089;3723.0
2.9922524715672205;3767.0
2.8882801745390716;3835.0
2.9667121950569846;3574.0
2.878670103699306;3372.0
2.807978899304233;3076.0
2.650587015682985;3212.0
2.681222997592166;3234.0
2.6211904619998236;3304.0
2.6912570486856104;3236.0
2.962422365755023;3355.0
3.0248482290316576;3510.0
2.798361060330497;3199.0
2.847608063210863;3345.0
2.7628866596140043;3207.0
2.689107259737655;3376.0
2.6365022610310085;3633.0
2.6875228398532847;3676.0
2.7931197709358955;3835.0
2.980556937240511;3638.0
3.2064660037101396;3720.0
3.1371027700636174;3764.0
3.297566361830521;3960.0
3.3351657452416794;4185.0
3.2872752126087676;4180.0
3.265599073181937;4136.0
3.253965488723204;4105.0
3.148512041720159;3731.0
3.057144547357366;3655.0
3.0895433632916656;3648.0
2.9596303733607447;3610.0
2.843562986996164;3494.0
2.8621332909908643;3617.0
2.9651578534474026;3765.0
3.0640619706181114;3649.0
3.1051025422868794;3909.0
2.9594557960770804;3859.0
3.0024138497312824;4087.0
3.1567313957022294;3730.0
3.151679214927248;3753.0
3.3844521441701274;3956.0
3.465036054819977;4150.0
3.4932995096537414;4258.0
3.397960190300997;4272.0
3.318237292101978;4199.0
3.3435762847667236;4374.0
3.3927699364532895;4060.0
3.4536587812473933;4040.0
3.414298545393977;4205.0
3.352789419711804;4194.0
3.263542010186731;3856.0
3.112255449498575;4039.0
3.034312021746801;3914.0
3.1352266014845203;3831.0
3.161072249359888;3994.0
3.1625062363182197;4109.0
3.160740488654208;4139.0
3.2863560908295364;4149.0
3.143350347959754;4292.0
3.120280518072881;4345.0
2.995836413590311;4181.0
2.954158390359567;4031.0
3.071607445628737;4081.0
3.2832145481937087;3954.0
3.3222124185861777;4102.0
3.2690656562484235;4193.0
3.3471237315065587;4345.0
3.201893291525457;3944.0
3.3705183339652467;3899.0
3.429334344846394;4253.0
3.2377770055337853;4087.0
3.3678559615722827;4152.0
3.5581041924877805;4404.0
3.4230839060783285;4454.0
3.3539318569889383;4412.0
3.3699966720324825;4293.0
3.3695339400727655;4154.0
3.286085936747725;4057.0
3.3041322498286014;3906.0
3.319639411599072;3865.0
3.4432000110066174;3894.0
3.1652561274805735;3712.0
3.3646659402962475;3564.0
3.247232949100804;3434.0
3.3122098429864417;3424.0
3.349394415492339;3588.0
3.4288601848654996;3740.0
3.559916709920999;4022.0
3.581221197485307;4070.0
3.5795912384524655;4126.0
3.4936342452033338;4461.0
3.5109607284492723;4299.0
3.608506731584364;4327.0
3.6723281054697616;4197.0
3.722957881040444;4569.0
3.5907862642663178;4328.0
3.43307477799184;4167.0
3.221703563340581;3733.0
3.0859795708102387;3834.0
2.7946248818404307;3787.0
2.810945898744263;3659.0
2.926897812521726;3846.0
2.8560178855379386;3573.0
2.878546241601129;3683.0
2.828044340595283;3740.0
2.805106699281139;3766.0
2.7165978790213217;3661.0
2.8756371182310576;3889.0
2.7803857412952504;3825.0
2.797991871964494;3879.0
2.7608395335136393;3819.0
2.7924484197581325;3934.0
2.820608332550651;3691.0
2.850450195682288;3687.0
2.9919116989177086;3812.0
3.1717834137750853;3668.0
3.129001912284857;3500.0
2.981209578772587;3355.0
3.0967901820760986;3398.0
3.221317031545825;3656.0
3.2676875362681996;3539.0
3.0198417626541416;3468.0
3.1310158542082935;3555.0
3.1943618527279702;3655.0
3.297122743684117;3963.0
3.4395241191780825;3917.0
3.287890829444393;3763.0
3.171867940221343;3907.0
3.1834903118185123;4016.0
3.2446883714246266;4179.0
3.3164384657342216;4130.0
3.252405840354138;4301.0
3.294052809756071;4285.0
3.5229840948109645;4464.0
3.5464091407146583;4290.0
3.603644291648551;4309.0
3.543911541963334;4267.0
3.5518404050016987;4359.0
3.3468162615728385;4260.0
3.4311753614164346;4130.0
3.362457187582621;4087.0
3.301589995861063;4305.0
3.246025357357282;4278.0
3.4015618632911577;4230.0
3.2881869403914603;3927.0
3.3417488243811158;3892.0
3.0926654637988285;3510.0
3.12260152998907;3646.0
3.0597456550995004;3534.0
3.028810871840177;3696.0
3.126630065731406;3846.0
3.102282796821374;4038.0
3.0315507420688994;3869.0
3.1103588971553493;4040.0
3.2312520961662305;4225.0
3.0658834490261584;4005.0
3.0064864179508763;4108.0
2.894916302037742;4115.0
3.072858188698085;4155.0
3.102783253742368;4242.0
3.075078641712454;4361.0
3.106588165559355;4124.0
3.170929010262349;4289.0
3.213337924288273;4328.0
3.1268970826070985;3967.0
3.4121383248793897;3912.0
3.4049901218132663;3881.0
3.326437794131561;4212.0
3.5521022131527378;3979.0
3.6673814955189172;4164.0
3.7504287853626117;4284.0
3.725786002231472;4278.0
3.730485695679318;4126.0
3.5822329614636956;4004.0
3.5903167074008313;4112.0
3.527067606491489;4083.0
3.538381755623481;4126.0
3.549832378637526;4180.0
3.5218314027377717;4305.0
3.550496085270722;4204.0
3.298523315572868;4128.0
3.2463468628075756;3898.0
3.079198480995128;3826.0
3.0647133260702812;3698.0
3.0983423806048016;4079.0
3.1974833689204396;4380.0
3.235349986942697;4593.0
3.144200077099393;4475.0
3.096429678783273;4455.0
3.0451308265092636;4532.0
3.0298384884079588;4563.0
3.114837762572359;4659.0
3.2456125995405896;4653.0
3.264856193964907;4725.0
3.05964649720147;4804.0
2.9929448608773743;4440.0
2.8670095717667703;4287.0
3.0276353275170114;4139.0
3.032005819327672;4068.0
3.082517392617195;3893.0
3.2051037186258005;4058.0
3.341922566592483;3780.0
3.3774592162432495;3773.0
3.3177098571716352;3811.0
3.233021665513611;3756.0
3.0312622556765056;3929.0
3.104894446696713;3792.0
3.1739684043826757;3847.0
3.3512140794482317;3992.0
3.2612227482633585;3942.0
3.0838451469672976;3619.0
3.1393815760664077;3719.0
3.11552130498525;3772.0
3.0999120484889082;3708.0
3.052427127592331;3650.0
3.1883224624838244;3800.0
3.107233709752953;3632.0
3.1033171034930898;3967.0
3.090379982312737;4126.0
2.943690926423617;3880.0
2.8991943091257206;3786.0
3.020239017060296;3534.0
3.079870935045096;3492.0
3.120834431421039;3325.0
3.360893065022018;3352.0
3.2946359501983125;3588.0
3.386038443741828;3639.0
3.45488468539696;3534.0
3.4406067895188297;3806.0
3.3607079512278535;3746.0
3.567733753391555;3749.0
3.510390078871102;3927.0
3.4158826204175288;3942.0
3.5186344171420596;3929.0
3.3697833867877454;4095.0
3.5446495133633307;4294.0
3.4197003292778363;3815.0
3.4788600192613264;3951.0
3.4569505673136423;4065.0
3.507377084204696;4106.0
3.559892952813161;4340.0
3.711878752754706;4463.0
3.738051913685995;4264.0
3.752499098842227;4543.0
3.7113969073853195;4515.0
3.6824480557291364;4484.0
3.6924243425824934;4722.0
3.548226076736633;4331.0
3.7224018146265934;4295.0
3.585092966380285;4412.0
3.5663331385043624;4092.0
3.3853463309458087;4288.0
3.5404668349057804;4412.0
3.487047235894568;4090.0
3.416958061374356;4218.0
3.480007821937778;4146.0
3.397739077591367;3839.0
3.4524430413513354;4107.0
3.2076464290163282;3966.0
3.0825535882501445;3963.0
3.040966719954779;3925.0
3.0436117833730836;3858.0
3.015305616804063;3893.0
2.8640045410423256;3855.0
3.1555583347748692;4001.0
3.123687513459877;3984.0
3.2513191715029315;3993.0
3.3170157234801505;4041.0
3.2314262664195894;3904.0
3.238946788344515;4026.0
3.2747367669687146;4111.0
3.23709811803854;4217.0
3.3344780078317497;4215.0
3.281347544197343;4070.0
3.3803812803021267;4269.0
3.426429470914179;4280.0
3.4190672221475804;4274.0
3.3777671366505766;4202.0
3.452959683601373;4186.0
3.4072033654114513;4116.0
3.5305870583393077;4130.0
3.506962202342127;4268.0
3.5425742335360275;4224.0
3.293272628370392;3937.0
3.328633479917675;3915.0
3.3527517691115136;3952.0
3.393269195419384;4031.0
3.240130711469206;4137.0
3.29158083044744;3998.0
3.3540797179885136;4164.0
3.5122065721102707;4433.0
3.5745584425702783;4377.0
3.467326958741726;4386.0
3.4707423812114775;4413.0
3.6058845477556156;4317.0
3.4181335662963415;4187.0
3.516028824419114;4181.0
3.46671695459623;4200.0
3.622734317242614;4052.0
3.456704733598083;3881.0
3.386457124535111;3700.0
3.4979823781943615;3587.0
3.64558676665007;3690.0
3.601701622276039;3679.0
3.579607606206525;3786.0
3.647596076006457;3871.0
3.6439841926380505;3726.0
3.5819237596474633;3639.0
3.5189676727052217;3522.0
3.348661302677928;3501.0
3.391400066262211;3555.0
3.61238947597683;3703.0
3.646372678118396;3717.0
3.6962007640386165;3927.0
3.590738706987026;3860.0
3.6708791189155052;4189.0
3.4874974666044385;3844.0
3.312734089736216;3689.0
3.1431003512945166;3702.0
3.1727669743914535;3921.0
3.2561549453953313;3933.0
3.2886961828001477;3803.0
3.089681632703305;3675.0
3.0545632855935323;3800.0
3.0973349874605933;3918.0
3.20766770718816;3811.0
3.4103668948525017;3977.0
3.3207541264878735;3836.0
3.314580951552998;3791.0
3.3385672007661444;3842.0
3.238217329881676;4182.0
3.3507930569009448;4266.0
3.413679138361799;4358.0
3.359747509390013;4364.0
3.1306630086642104;4376.0
2.9790159412849744;4542.0
3.1959109035385707;4481.0
3.199933737300292;4398.0
3.4165168573201083;4342.0
3.406970069360126;4443.0
3.4833531490901293;4236.0
3.397180062617196;4251.0
3.3445483320611693;4215.0
3.453423084152754;4246.0
3.4296955353774656;4165.0
3.5200562314302615;4260.0
3.6254646943127318;4159.0
3.62956088015606;4076.0
3.6139103056791693;4206.0
3.626223467538306;4402.0
3.556671689829134;4351.0
3.4857357940579132;4307.0
3.408377969422615;4579.0
3.776124139467834;4661.0
3.600051790589993;4350.0
3.7030394694005753;4280.0
3.6671143109567295;4385.0
3.4593517152388;4270.0
3.4135238665066265;4279.0
3.419894408934548;4477.0
3.3995537008106664;4364.0
3.3624765613950327;4381.0
3.537290119386005;4590.0
3.5417443704280327;4512.0
3.6516104770725564;4629.0
3.6663966537166335;4536.0
3.76050240461413;4385.0
3.7504434096138213;4804.0
3.6528509533097577;4465.0
3.7073012303522384;4481.0
3.7577195582786787;4533.0
3.697864586145315;4370.0
3.715214488260507;4373.0
3.459534213290034;4269.0
3.5941942552935724;4213.0
3.5827821782002953;3974.0
3.4031440136013287;3997.0
3.328991124766162;3898.0
3.250950499951814;3822.0
3.378863894801218;3768.0
3.519875773281154;4014.0
3.544329624683441;3990.0
3.5831265094452625;3983.0
3.5124619439086793;3966.0
3.3728622210715122;3930.0
3.4535718476437305;4118.0
3.2852664800101787;4202.0
3.373021498731632;4202.0
3.4920126931379;4199.0
3.537276356731455;4330.0
3.34652596777849;4197.0
3.36982984525509;4116.0
3.254346765204528;4007.0
3.36171994865483;4146.0
3.3321511189460677;3964.0
3.3583252482461043;4404.0
3.2986851995423203;4300.0
3.661706558967472;4310.0
3.5441431968665964;4268.0
3.6390780636887126;4264.0
3.633211521013067;4344.0
3.52055149986539;4338.0
3.393618271042759;4222.0
3.3867326475355286;4077.0
3.3334579457440205;4190.0
3.3575838120296506;4358.0
3.311484677092615;4462.0
3.4653869413137035;4248.0
3.415125987049314;4082.0
3.3583857851565457;4170.0
3.1458181877323224;4009.0
3.289114293859783;4075.0
3.215419789603571;4065.0
3.098778186227539;4064.0
3.172659749848899;4200.0
2.999310359107566;4252.0
2.971990142091272;4491.0
2.987692445580118;4561.0
3.2779134252357984;4663.0
3.284066558239775;4629.0
3.2479835005869293;4410.0
3.242369684732555;4343.0
3.3701785513481126;4446.0
3.331751352642729;4224.0
3.206833720112522;3976.0
3.380372003899126;4291.0
3.3646147430624973;4211.0
3.4829539689013487;4154.0
3.3816456305924016;4199.0
3.4451841025787338;4364.0
3.5073651350171553;4252.0
3.4512738593097514;4241.0
3.4389900429222284;4205.0
3.316668281257889;4072.0
3.278996291863773;4146.0
3.349475062637822;4280.0
3.2619240065124857;4205.0
